BOTTLE,20191227JHS,,,,,,,,,,,,,,,,,,,,,,,,,,,,,,,,,,,,,,
#BOTTLE,20180808PRINUNIVRMK,,,,,,,,,,,,,,,,,,,,,,,,,,,,,,,,,,,,,,
EXPOCODE,SECT_ID,STNNBR,CASTNO,SAMPNO,BTLNBR,BTLNBR_FLAG_W,DATE,TIME,LATITUDE,LONGITUDE,DEPTH,CTDPRS,CTDTMP,CTDSAL,CTDSAL_FLAG_W,SALNTY,SALNTY_FLAG_W,CTDOXY,CTDOXY_FLAG_W,OXYGEN,OXYGEN_FLAG_W,SILCAT,SILCAT_FLAG_W,NITRAT,NITRAT_FLAG_W,NITRIT,NITRIT_FLAG_W,PHSPHT,PHSPHT_FLAG_W,CFC-11,CFC-11_FLAG_W,CFC-12,CFC-12_FLAG_W,SF6,SF6_FLAG_W,TCARBN,TCARBN_FLAG_W,ALKALI,ALKALI_FLAG_W
,,,,,,,,,,,METERS,DBAR,ITS-90,PSS-78,,PSS-78,,UMOL/KG,,UMOL/KG,,UMOL/KG,,UMOL/KG,,UMOL/KG,,UMOL/KG,,PMOL/KG,,PMOL/KG,,FMOL/KG,,UMOL/KG,,UMOL/KG,
  58GS20150410,   A01,175,1,12,12,2,20150416,1037,59.618,-40.738,2506,9.9,3.8991,34.9132,2,34.9135,2,313.8,2,311.6,2,8.33,2,14.67,2,0,2,1.12,2,-999,9,2.462,2,2.8219,2,2154.4,2,2305.6,2
  58GS20150410,   A01,175,1,12,11,2,20150416,1037,59.618,-40.738,2506,99.7,3.7521,34.9076,2,34.9081,2,309.1,2,307,2,8.32,2,15.36,2,0,2,1.2,2,-999,9,2.481,2,3.0749,2,2163.8,2,2304.8,2
  58GS20150410,   A01,175,1,12,10,2,20150416,1037,59.618,-40.738,2506,248.4,3.6573,34.8977,2,34.8983,2,308.6,2,307.4,2,8.4,2,15.48,2,0,2,1.2,2,-999,9,2.472,2,2.9289,2,2160.8,2,2305,2
  58GS20150410,   A01,175,1,12,9,2,20150416,1037,59.618,-40.738,2506,399,3.6759,34.9055,2,34.9024,2,305,2,306.5,2,8.47,2,15.64,2,0,2,1.24,2,-999,9,2.472,2,2.8024,2,2163.5,2,2306.1,2
  58GS20150410,   A01,175,1,12,8,2,20150416,1037,59.618,-40.738,2506,499.2,3.6707,34.9001,2,34.9007,2,303.5,2,304,2,8.55,2,15.71,2,0,2,1.24,2,-999,9,2.442,2,3.1039,2,2159.8,2,2305.4,2
  58GS20150410,   A01,175,1,12,7,2,20150416,1037,59.618,-40.738,2506,649.4,3.6546,34.8981,2,34.8989,2,301.7,2,302.3,2,8.65,2,15.77,2,0,2,1.25,2,-999,9,2.433,2,3.2207,2,2160.1,2,2304.5,2
  58GS20150410,   A01,175,1,12,6,2,20150416,1037,59.618,-40.738,2506,849.2,3.6081,34.8924,2,34.8919,2,297.4,2,298.6,2,8.9,2,15.94,2,0,2,1.27,2,-999,9,2.364,2,3.0358,2,2161.9,2,2303.3,2
  58GS20150410,   A01,175,1,12,5,2,20150416,1037,59.618,-40.738,2506,999.6,3.4904,34.8784,2,34.8795,2,298.4,2,300,2,8.97,2,15.9,2,0,2,1.27,2,-999,9,2.403,2,3.7072,2,2164.5,2,2303.4,2
  58GS20150410,   A01,175,1,12,4,2,20150416,1037,59.618,-40.738,2506,1248,3.5892,34.9359,2,34.9356,2,274.3,2,277.1,2,10.91,2,16.45,2,0,2,1.29,2,-999,9,1.8,2,1.8876,2,2160.7,2,2307.7,2
  58GS20150410,   A01,175,1,12,3,2,20150416,1037,59.618,-40.738,2506,1797.3,3.0535,34.9321,2,34.9323,2,276.3,2,280.5,2,12.11,2,16,2,0,2,1.3,2,-999,9,1.576,2,0.72971,2,2160.6,2,2307.9,2
  58GS20150410,   A01,175,1,12,1,3,20150416,1037,59.618,-40.738,2506,2485.4,1.4664,34.9181,2,34.9176,3,299.5,2,293.3,3,10.48,3,14.89,3,0,3,1.17,3,-999,9,1.956,3,3.6095,3,2165.7,3,2299.7,3
  58GS20150410,   A01,176,1,12,12,2,20150416,1851,59.448,-39.752,2976,9.7,3.7857,34.8973,2,34.8991,2,313.9,2,310.7,2,8.3,2,14.75,2,0.07,2,1.13,2,-999,9,2.501,2,2.2574,2,2149.9,2,2308.9,2
  58GS20150410,   A01,176,1,12,11,2,20150416,1851,59.448,-39.752,2976,100.7,3.6266,34.8909,2,34.8904,2,312.5,2,309.3,2,8.4,2,15.4,2,0,2,1.15,2,-999,9,2.52,2,1.9168,2,2156.3,2,2303.3,2
  58GS20150410,   A01,176,1,12,10,2,20150416,1851,59.448,-39.752,2976,250,3.5672,34.8882,2,34.8861,2,307.8,2,305.8,2,8.45,2,15.56,2,0,2,1.22,2,-999,9,2.481,2,2.8509,2,2158.9,2,2302.3,2
  58GS20150410,   A01,176,1,12,9,2,20150416,1851,59.448,-39.752,2976,502,3.5811,34.8903,2,34.8897,2,307.5,2,309.4,2,8.55,2,15.87,2,0,2,1.21,2,-999,9,2.51,2,2.4423,2,2162,2,2304.5,2
  58GS20150410,   A01,176,1,12,8,2,20150416,1851,59.448,-39.752,2976,648.9,3.5176,34.8798,2,34.8806,2,308.1,2,307.3,2,8.54,2,15.66,2,0,2,1.24,2,-999,9,2.501,2,2.3449,2,2161.4,2,2303.2,2
  58GS20150410,   A01,176,1,12,7,2,20150416,1851,59.448,-39.752,2976,848.7,3.5049,34.8772,2,34.8775,2,308.1,2,308.1,2,8.5,2,15.66,2,0,2,1.22,2,-999,9,2.51,2,2.4812,2,2163,2,2301.2,2
  58GS20150410,   A01,176,1,12,6,2,20150416,1851,59.448,-39.752,2976,1000.4,3.4887,34.8743,2,34.8741,2,305.2,2,305.5,2,8.65,2,15.88,2,0,2,1.23,2,-999,9,2.501,2,3.2304,2,2161.3,2,2301.1,2
  58GS20150410,   A01,176,1,12,5,2,20150416,1851,59.448,-39.752,2976,1249.6,3.4686,34.8701,2,34.8714,2,303.2,2,311,3,8.71,2,15.74,2,0,2,1.24,2,-999,9,2.471,2,2.9385,2,2162.2,2,2301.8,2
  58GS20150410,   A01,176,1,12,4,2,20150416,1851,59.448,-39.752,2976,1600.4,3.623,34.9309,2,34.9307,2,274,2,276.7,2,11.09,2,16.61,2,0,2,1.28,2,-999,9,1.771,2,2.4227,2,2163.6,2,2308.1,2
  58GS20150410,   A01,176,1,12,3,2,20150416,1851,59.448,-39.752,2976,2000.7,3.2318,34.9279,2,34.9272,2,275.8,2,279.5,2,11.99,2,16.34,2,0,2,1.29,2,-999,9,1.557,2,2.2572,2,2162.9,2,2307.2,2
  58GS20150410,   A01,176,1,12,2,2,20150416,1851,59.448,-39.752,2976,2500.4,2.8402,34.9398,2,34.9398,2,275,2,279.8,2,13.95,2,15.97,2,0,2,1.32,2,-999,9,1.43,2,1.1578,2,2166.3,2,2308.8,2
  58GS20150410,   A01,176,1,12,1,3,20150416,1851,59.448,-39.752,2976,2966.7,1.3236,34.9273,2,34.9275,3,297.4,2,286.5,3,12.32,3,15.76,3,0,3,1.28,3,-999,9,1.673,3,2.8993,3,2167,3,2309.3,3
  58GS20150410,   A01,177,1,12,12,2,20150417,20,59.281,-38.775,3082,10.2,3.8779,34.9169,2,34.9168,2,309.2,2,306.9,2,8.57,2,15.45,2,0,2,1.07,2,-999,9,2.54,2,3.279,2,2160.7,2,-999,9
  58GS20150410,   A01,177,1,12,11,2,20150417,20,59.281,-38.775,3082,99.5,3.9124,34.9234,2,34.9224,2,306.9,2,306,2,8.5,2,15.78,2,0,2,1.12,2,-999,9,2.481,2,2.3936,2,2157.5,2,2304.1,2
  58GS20150410,   A01,177,1,12,10,2,20150417,20,59.281,-38.775,3082,251.1,3.8017,34.9108,2,34.9126,2,304.9,2,303.1,2,8.58,2,15.93,2,0,2,1.14,2,-999,9,2.481,2,3.2401,2,2162.5,2,2304.1,2
  58GS20150410,   A01,177,1,12,9,2,20150417,20,59.281,-38.775,3082,499.2,3.7281,34.9042,2,34.9039,2,302.5,2,309.6,3,8.62,2,15.92,2,0,2,1.17,2,-999,9,2.462,2,2.452,2,2157,2,2306,2
  58GS20150410,   A01,177,1,12,8,2,20150417,20,59.281,-38.775,3082,648.9,3.7062,34.9012,2,34.9013,2,303.9,2,303.7,2,8.61,2,16.12,2,0,2,1.21,2,-999,9,2.491,2,2.452,2,2158.7,2,2304.8,2
  58GS20150410,   A01,177,1,12,7,2,20150417,20,59.281,-38.775,3082,849.1,3.6863,34.8985,2,34.8982,2,305.1,2,304.6,2,8.51,2,15.74,2,0,2,1.23,2,-999,9,2.501,2,2.5784,2,2158.9,2,2302.4,2
  58GS20150410,   A01,177,1,12,6,2,20150417,20,59.281,-38.775,3082,999.2,3.6935,34.8982,2,34.898,2,305.2,2,304.8,2,8.5,2,15.84,2,0,2,1.17,2,-999,9,2.51,2,3.2206,2,2163.8,2,2304.1,2
  58GS20150410,   A01,177,1,12,3,2,20150417,20,59.281,-38.775,3082,1999.6,3.3281,34.9336,2,34.9344,2,279.3,2,278.8,2,11.64,2,16.46,2,0,2,1.23,2,-999,9,1.615,2,1.3621,2,2158.7,2,2306.1,2
  58GS20150410,   A01,177,1,12,2,2,20150417,20,59.281,-38.775,3082,2498.6,2.9528,34.9372,2,34.9369,2,280.5,2,280.2,2,13.26,2,16.21,2,0,2,1.23,2,-999,9,1.469,2,2.1112,2,2166.1,2,2307.2,2
  58GS20150410,   A01,177,1,12,1,2,20150417,20,59.281,-38.775,3082,3058.4,1.3056,34.9064,2,34.9064,2,305.1,2,305.1,2,8.57,2,14.01,2,0,2,1.07,2,-999,9,2.267,4,2.9478,4,2164.9,2,2305.6,2
  58GS20150410,   A01,178,1,12,12,2,20150417,609,59.118,-37.781,3242,10.4,3.6933,34.9016,2,34.8975,2,309.9,2,308,2,8.48,2,15.31,2,0,2,1.07,2,-999,9,2.452,2,2.4131,2,2165.3,2,2303.2,2
  58GS20150410,   A01,178,1,12,11,2,20150417,609,59.118,-37.781,3242,98.5,3.6951,34.901,2,34.8968,2,309.5,2,307.7,2,8.41,2,15.62,2,0,2,1.09,2,-999,9,2.472,4,2.092,4,2166.1,2,2302.6,2
  58GS20150410,   A01,178,1,12,10,2,20150417,609,59.118,-37.781,3242,248.2,3.5644,34.8874,2,34.8829,2,307.8,2,306.8,2,8.41,2,15.74,2,0,2,1.09,2,-999,9,2.452,2,2.306,2,2164.6,2,2304.5,2
  58GS20150410,   A01,178,1,12,9,2,20150417,609,59.118,-37.781,3242,499.5,3.6409,34.8979,2,34.8949,2,304.8,2,304.7,2,8.5,2,15.91,2,0,2,1.13,2,-999,9,2.471,4,2.5979,4,2165.9,2,2304.1,2
  58GS20150410,   A01,178,1,12,8,2,20150417,609,59.118,-37.781,3242,649.6,3.6702,34.9007,2,34.8973,2,304,2,304,2,8.47,2,15.86,2,0,2,1.15,2,-999,9,2.471,2,1.839,2,2167.5,2,2303.4,2
  58GS20150410,   A01,178,1,12,7,2,20150417,609,59.118,-37.781,3242,849,3.6174,34.8914,2,34.8883,2,305,2,305.7,2,8.49,2,15.94,2,0,2,1.13,2,-999,9,2.491,2,1.9071,2,2167.1,2,2306,2
  58GS20150410,   A01,178,1,12,6,2,20150417,609,59.118,-37.781,3242,1000.7,3.613,34.889,2,34.8865,2,304.9,2,305.9,2,8.52,2,15.93,2,0,2,1.13,2,-999,9,2.501,2,2.0141,2,2162.8,2,2303.9,2
  58GS20150410,   A01,178,1,12,5,2,20150417,609,59.118,-37.781,3242,1250.5,3.578,34.8806,2,34.8793,2,303.2,2,304.6,2,8.58,2,16.02,2,0,2,1.15,2,-999,9,2.471,2,2.8314,2,2163.1,2,2303.2,2
  58GS20150410,   A01,178,1,12,4,2,20150417,609,59.118,-37.781,3242,1448.9,3.5225,34.8744,2,34.8721,2,300.3,2,302.2,2,8.62,2,16.04,2,0,2,1.15,2,-999,9,2.432,2,3.8628,2,2167.3,2,2303.7,2
  58GS20150410,   A01,178,1,12,3,2,20150417,609,59.118,-37.781,3242,1999.9,3.3987,34.929,2,34.9274,2,275.8,2,278.5,2,11.28,2,16.49,2,0,2,1.2,2,-999,9,1.693,4,1.907,4,2166,2,2307.2,2
  58GS20150410,   A01,178,1,12,2,2,20150417,609,59.118,-37.781,3242,2499.7,3.0219,34.9346,2,34.9331,2,276.4,2,279,2,12.98,2,16.38,2,0,2,1.2,2,-999,9,1.45,4,0.97292,4,2167.7,6,2309.3,2
  58GS20150410,   A01,178,1,12,1,3,20150417,609,59.118,-37.781,3242,3239.4,1.3395,34.9087,2,34.9116,3,299.6,2,294.5,3,10.72,3,14.83,3,0,3,1.16,3,-999,9,1.975,4,3.016,4,2167.9,3,2305,3
  58GS20150410,   A01,179,1,12,12,2,20150417,1152,58.969,-36.846,3012,10.5,3.7615,34.901,2,34.9017,2,307.7,2,306.5,2,8.66,2,15.58,2,0,2,1.07,2,-999,9,2.481,2,2.7342,2,2157.4,2,2303.5,2
  58GS20150410,   A01,179,1,12,11,2,20150417,1152,58.969,-36.846,3012,100.4,3.7132,34.8965,2,34.895,2,305.4,2,304.6,2,8.67,2,15.94,2,0,2,1.12,2,-999,9,2.481,2,3.4737,2,2156.8,2,2303,2
  58GS20150410,   A01,179,1,12,10,2,20150417,1152,58.969,-36.846,3012,251,3.6728,34.8958,2,34.8958,2,308.5,2,307.9,2,8.59,2,15.88,2,0,2,1.17,2,-999,9,2.491,2,3.065,2,2154.9,2,2303.7,2
  58GS20150410,   A01,179,1,12,9,2,20150417,1152,58.969,-36.846,3012,500.8,3.6352,34.8912,2,34.8913,2,307.7,2,307.5,2,8.56,2,15.94,2,0,2,1.13,2,-999,9,2.501,2,2.7828,2,2156.8,2,2303.3,2
  58GS20150410,   A01,179,1,12,8,2,20150417,1152,58.969,-36.846,3012,650.1,3.6221,34.8891,2,34.8893,2,306.1,2,305.9,2,8.53,2,15.87,2,0,2,1.16,2,-999,9,2.481,2,2.9579,2,2162.8,2,2302,2
  58GS20150410,   A01,179,1,12,7,2,20150417,1152,58.969,-36.846,3012,850.2,3.6141,34.8867,2,34.8868,2,306.5,2,304.5,2,8.52,2,15.88,2,0,2,1.15,2,-999,9,2.501,2,2.9871,2,2161,2,2302.3,2
  58GS20150410,   A01,179,1,12,6,2,20150417,1152,58.969,-36.846,3012,999.6,3.62,34.8859,2,34.8854,2,306.4,2,306.6,2,8.56,2,15.9,2,0,2,1.16,2,-999,9,2.481,2,3.7461,2,2158.3,2,2302.1,2
  58GS20150410,   A01,179,1,12,5,2,20150417,1152,58.969,-36.846,3012,1119,3.6267,34.8858,2,34.8853,2,305.8,2,312.8,3,8.55,2,15.89,2,0,2,1.17,2,-999,9,2.481,2,3.6488,2,2155.8,2,2302.4,2
  58GS20150410,   A01,179,1,12,4,2,20150417,1152,58.969,-36.846,3012,1500.9,3.6601,34.9308,2,34.9308,2,276.5,2,275.8,2,10.92,2,16.57,2,0,2,1.24,2,-999,9,1.78,2,1.7027,2,2153.5,2,2304.9,2
  58GS20150410,   A01,179,1,12,3,2,20150417,1152,58.969,-36.846,3012,2104.3,3.1358,34.9369,2,34.9371,2,279.4,2,278,2,12.52,2,16.26,2,0,2,1.24,2,-999,9,1.489,2,1.9361,2,2157.1,2,2307.3,2
  58GS20150410,   A01,179,1,12,2,2,20150417,1152,58.969,-36.846,3012,2500.7,2.9084,34.94,2,34.9399,2,279.7,2,278.6,2,13.95,2,16.21,2,0,2,1.22,2,-999,9,1.42,2,2.8506,2,2156.6,2,-999,9
  58GS20150410,   A01,179,1,12,1,2,20150417,1152,58.969,-36.846,3012,2989.6,2.7127,34.9314,2,34.9314,2,282.2,2,282.9,2,13.88,2,15.95,2,0,2,1.22,2,-999,9,1.488,2,2.2961,2,2159.8,2,2306,2
  58GS20150410,   A01,180,1,12,12,2,20150417,1720,58.816,-35.899,2675,10,4.1498,34.9183,2,34.9186,2,307.1,2,306.6,2,8.62,2,15.44,2,0,2,1.05,2,-999,9,2.472,2,2.4132,2,2163.6,2,2304.5,2
  58GS20150410,   A01,180,1,12,11,2,20150417,1720,58.816,-35.899,2675,100.3,4.006,34.9179,2,34.9168,2,305.9,2,305.4,2,8.64,2,15.83,2,0,2,1.1,2,-999,9,2.472,2,3.2987,2,2163.7,2,2302.4,2
  58GS20150410,   A01,180,1,12,10,2,20150417,1720,58.816,-35.899,2675,247.6,3.8422,34.9054,2,34.9069,2,302.1,2,302.1,2,8.76,2,16.66,2,0,2,1.12,2,-999,9,2.433,2,1.5277,2,2164.9,2,2303.3,2
  58GS20150410,   A01,180,1,12,9,2,20150417,1720,58.816,-35.899,2675,500.6,3.7112,34.8968,2,34.8961,2,303.6,2,304.3,2,8.67,2,16.06,2,0,2,1.1,2,-999,9,2.481,2,2.8607,2,2161.4,2,2329.2,3
  58GS20150410,   A01,180,1,12,8,2,20150417,1720,58.816,-35.899,2675,648.8,3.6913,34.8943,2,34.8937,2,303.5,2,303.6,2,8.61,2,15.98,2,0,2,1.12,2,-999,9,2.462,2,3.0261,2,2161.3,2,2301.6,2
  58GS20150410,   A01,180,1,12,7,2,20150417,1720,58.816,-35.899,2675,849.9,3.6986,34.8951,2,34.8958,2,302,2,302.1,2,8.67,2,15.98,2,0,2,1.15,2,-999,9,2.442,2,3.1818,2,2159.7,2,2302.6,2
  58GS20150410,   A01,180,1,12,6,2,20150417,1720,58.816,-35.899,2675,1001.7,3.6986,34.8948,2,34.8945,2,302.6,2,302.9,2,8.63,2,16.01,2,0,2,1.13,2,-999,9,2.462,2,3.8143,2,2157.5,2,2303.7,2
  58GS20150410,   A01,180,1,12,5,2,20150417,1720,58.816,-35.899,2675,1200.5,3.691,34.8938,2,34.8941,2,302.2,2,302.3,2,8.66,2,15.99,2,0,2,1.17,2,-999,9,2.442,2,2.8218,2,2160.7,2,2301,2
  58GS20150410,   A01,180,1,12,4,2,20150417,1720,58.816,-35.899,2675,1598.4,3.686,34.9334,2,34.9332,2,276.8,2,275.5,2,10.94,2,16.87,2,0,2,1.22,2,-999,9,1.8,2,3.5222,2,2161.8,2,2306.9,2
  58GS20150410,   A01,180,1,12,3,2,20150417,1720,58.816,-35.899,2675,2000.8,3.4202,34.9461,2,34.9462,2,278.3,2,279.9,2,11.68,2,16.45,2,0,2,1.22,2,-999,9,1.605,2,2.3351,2,2164.3,2,2305.6,2
  58GS20150410,   A01,180,1,12,2,2,20150417,1720,58.816,-35.899,2675,2400.3,3.1372,34.9442,2,34.944,2,279.6,2,280.9,2,12.94,2,16.55,2,0.1,2,1.24,2,-999,9,1.479,2,1.5762,2,2158.4,2,2306.4,2
  58GS20150410,   A01,180,1,12,1,2,20150417,1720,58.816,-35.899,2675,2665.1,3.0384,34.9414,2,34.9415,2,279.6,2,277.8,2,13.51,2,16.31,2,0,2,1.22,2,-999,9,1.44,2,1.8194,2,2165.2,2,2309.1,2
  58GS20150410,   A01,181,1,12,12,2,20150418,1231,58.615,-34.793,2212,9.1,4.9218,34.9774,2,34.9771,2,299.4,2,299.1,2,8.21,2,15.24,2,0.1,2,1.05,2,-999,9,2.248,2,3.1237,2,2158.7,2,2306.7,2
  58GS20150410,   A01,181,1,12,11,2,20150418,1231,58.615,-34.793,2212,102.3,4.8748,34.9743,2,34.9746,2,296.5,2,296.2,2,8.3,2,15.61,2,0,2,1.13,2,-999,9,-999,9,-999,9,2162.1,2,2306,2
  58GS20150410,   A01,181,1,12,10,2,20150418,1231,58.615,-34.793,2212,201.8,4.8087,34.9719,2,34.9722,2,300.9,2,302.2,2,8.17,2,15.65,2,0.09,2,1.12,2,-999,9,2.326,2,2.4036,2,2158.5,2,2308.7,2
  58GS20150410,   A01,181,1,12,9,2,20150418,1231,58.615,-34.793,2212,299.9,4.5062,34.9564,2,34.9553,2,279.7,2,278.8,2,9.37,2,16.53,2,0.06,2,1.22,2,-999,9,2.102,2,3.2404,2,2164.5,2,2305,2
  58GS20150410,   A01,181,1,12,8,2,20150418,1231,58.615,-34.793,2212,396.7,4.2917,34.9366,2,34.9366,2,286.8,2,286.7,2,9.12,2,16.34,2,0,2,1.2,2,-999,9,2.199,2,3.7561,2,2164.9,2,2305.3,2
  58GS20150410,   A01,181,1,12,7,2,20150418,1231,58.615,-34.793,2212,501.7,4.1309,34.9263,2,34.9267,2,289.7,2,289,2,9.11,2,16.4,2,0,2,1.19,2,-999,9,2.248,2,3.2208,2,2162.7,2,2302.5,2
  58GS20150410,   A01,181,1,12,6,2,20150418,1231,58.615,-34.793,2212,646.9,4.034,34.9216,2,34.9226,2,300.4,2,300.8,2,8.67,2,16.08,2,0,2,1.2,2,-999,9,2.403,2,3.1819,2,2164,2,2303.7,2
  58GS20150410,   A01,181,1,12,5,2,20150418,1231,58.615,-34.793,2212,848.5,3.771,34.8968,2,34.8968,2,296.9,2,297,2,8.95,2,16.04,2,0.14,2,1.21,2,-999,9,2.355,2,4.009,2,2159.9,2,2300,2
  58GS20150410,   A01,181,1,12,4,2,20150418,1231,58.615,-34.793,2212,1002.2,3.7146,34.8962,2,34.8956,2,295.8,2,296.2,2,9.07,2,16.1,2,0,2,1.24,2,-999,9,2.335,2,2.2088,2,2158.9,2,2300.4,2
  58GS20150410,   A01,181,1,12,3,2,20150418,1231,58.615,-34.793,2212,1501.7,3.6027,34.9435,2,34.9437,2,275.6,2,275.8,2,11.29,2,16.47,2,0,2,1.24,2,-999,9,1.722,2,1.5276,2,2162,2,2301.8,2
  58GS20150410,   A01,181,1,12,2,2,20150418,1231,58.615,-34.793,2212,1997,3.2829,34.9536,2,34.953,2,277.2,2,276.8,2,12.28,2,16.09,2,0,2,1.25,2,-999,9,1.566,2,0.94376,2,2159.2,2,2305.1,2
  58GS20150410,   A01,181,1,12,1,2,20150418,1231,58.615,-34.793,2212,2270.5,3.166,34.9517,2,34.9521,2,276.7,2,277,2,13.16,2,16.24,2,0,2,1.23,2,-999,9,1.518,2,0.55458,2,2164.5,6,2315,2
  58GS20150410,   A01,182,1,12,12,2,20150419,601,58.483,-33.898,2163,11.7,5.3559,35.0167,2,35.0173,2,298.3,2,298.4,2,8.02,2,14.93,2,0.08,2,1.06,2,-999,9,2.589,2,2.6762,2,2158.9,2,2306.4,2
  58GS20150410,   A01,182,1,12,11,2,20150419,601,58.483,-33.898,2163,95.3,5.3334,35.0142,2,35.0136,2,298.5,2,298.3,2,7.95,2,15.25,2,0.08,2,1.09,2,-999,9,2.598,2,2.3647,2,2161.3,2,2306.4,2
  58GS20150410,   A01,182,1,12,10,2,20150419,601,58.483,-33.898,2163,196.8,4.3983,34.9408,2,34.9414,2,302.9,2,304.4,2,8.56,2,15.76,2,0.06,2,1.14,2,-999,9,2.676,2,2.7344,2,2159.3,6,2304,2
  58GS20150410,   A01,182,1,12,9,2,20150419,601,58.483,-33.898,2163,299.9,4.2059,34.9329,2,34.9319,2,302.8,2,302.9,2,8.61,2,15.78,2,0,2,1.18,2,-999,9,2.666,2,2.8511,2,2165.3,2,2302.1,2
  58GS20150410,   A01,182,1,12,8,2,20150419,601,58.483,-33.898,2163,398.3,4.0417,34.9175,2,34.9174,2,299.2,2,299,2,8.81,2,16.08,2,0,2,1.19,2,-999,9,2.618,2,2.2867,2,2161.5,2,2300.7,2
  58GS20150410,   A01,182,1,12,7,2,20150419,601,58.483,-33.898,2163,500.4,3.9695,34.9148,2,34.9151,2,303.6,2,302.6,2,8.75,2,15.95,2,0,2,1.21,2,-999,9,2.666,2,2.637,2,2165,2,2301.5,2
  58GS20150410,   A01,182,1,12,6,2,20150419,601,58.483,-33.898,2163,651.3,3.7902,34.9005,2,34.9007,2,301.8,2,300.7,2,8.66,2,15.9,2,0.09,2,1.2,2,-999,9,2.559,2,2.0823,2,2164.6,2,2299.4,2
  58GS20150410,   A01,182,1,12,5,2,20150419,601,58.483,-33.898,2163,849.8,3.7598,34.9006,2,34.9014,2,301,2,301.7,2,8.76,2,15.98,2,0,2,1.21,2,-999,9,2.209,2,1.1677,2,2163.3,2,2299.3,2
  58GS20150410,   A01,182,1,12,4,2,20150419,601,58.483,-33.898,2163,1001.5,3.7339,34.8989,2,34.8979,2,302.1,2,302.3,2,8.75,2,16.1,2,0,2,1.14,2,-999,9,3.084,3,2.2282,2,2163.9,2,2298.5,2
  58GS20150410,   A01,182,1,12,2,2,20150419,601,58.483,-33.898,2163,2003,3.325,34.9565,2,34.9561,2,276.5,2,276.1,2,12.38,2,16.41,2,0,2,1.21,2,-999,9,1.868,2,1.1189,2,2167.9,2,2303.5,2
  58GS20150410,   A01,182,1,12,1,2,20150419,601,58.483,-33.898,2163,2154.2,3.2849,34.9551,2,34.9554,2,276.4,2,276.9,2,12.6,2,16.28,2,0,2,1.26,2,-999,9,1.683,2,0.77835,2,2170.2,2,2306.3,2
  58GS20150410,   A01,183,1,12,12,2,20150419,1319,58.333,-33.002,1825,10.8,5.74,35.0495,2,35.0496,2,296.5,2,296.2,2,7.66,2,14.58,2,0.07,2,1.05,2,-999,9,2.569,2,2.102,2,2160.9,2,2308.4,2
  58GS20150410,   A01,183,1,12,11,2,20150419,1319,58.333,-33.002,1825,100.5,5.5958,35.0346,2,35.0355,2,297.2,2,297.1,2,7.7,2,15.05,2,0.12,2,1.09,2,-999,9,2.52,2,2.4523,2,2162.5,2,2307,2
  58GS20150410,   A01,183,1,12,10,2,20150419,1319,58.333,-33.002,1825,201.8,5.4689,35.0251,2,35.0247,2,299.6,2,299.6,2,7.7,2,15.09,2,0.08,2,1.1,2,-999,9,2.637,2,1.4889,2,2160.2,2,2306.3,2
  58GS20150410,   A01,183,1,12,9,2,20150419,1319,58.333,-33.002,1825,300,5.4067,35.0178,2,35.0195,2,285.6,2,286.1,2,8.29,2,15.75,2,0,2,1.16,2,-999,9,2.501,2,2.316,2,2164.3,2,2308.9,2
  58GS20150410,   A01,183,1,12,8,2,20150419,1319,58.333,-33.002,1825,399.6,5.1089,34.9946,2,34.9915,2,293.3,2,292.7,2,8.26,2,15.67,2,0,2,1.18,2,-999,9,2.618,2,2.17,2,2161.4,2,2304,2
  58GS20150410,   A01,183,1,12,7,2,20150419,1319,58.333,-33.002,1825,501.9,4.9004,34.9716,2,34.973,2,299.5,2,300.1,2,8.14,2,15.58,2,0.08,2,1.14,2,-999,9,2.686,2,2.3452,2,2168.8,2,2303.7,2
  58GS20150410,   A01,183,1,12,6,2,20150419,1319,58.333,-33.002,1825,649.8,4.5816,34.9483,2,34.9498,2,287,2,286.7,2,8.96,2,16.29,2,0,2,1.24,2,-999,9,2.559,2,1.6056,2,2171.7,2,2302.5,2
  58GS20150410,   A01,183,1,12,5,2,20150419,1319,58.333,-33.002,1825,799.3,4.2181,34.9306,2,34.9315,2,292.7,2,293.1,2,8.93,2,16.26,2,0,2,1.23,2,-999,9,2.666,2,2.5884,2,2163.3,2,2301.4,2
  58GS20150410,   A01,183,1,12,4,2,20150419,1319,58.333,-33.002,1825,1000.5,3.9225,34.9097,2,34.9092,2,287.6,2,287.6,2,9.39,2,16.38,2,0.1,2,1.22,2,-999,9,2.569,2,1.4888,2,2169.4,2,2300.6,2
  58GS20150410,   A01,183,1,12,3,2,20150419,1319,58.333,-33.002,1825,1247.8,3.8478,34.9323,2,34.9322,2,277.4,2,277.2,2,10.39,2,16.47,2,0,2,1.25,2,-999,9,2.267,2,1.2747,2,2166.5,2,2302.8,2
  58GS20150410,   A01,183,1,12,2,2,20150419,1319,58.333,-33.002,1825,1502,3.7446,34.9529,2,34.9523,2,274.7,2,274.3,2,11.03,2,16.41,2,0,2,1.25,2,-999,9,2.043,2,1.0216,2,2168.8,2,2302.7,2
  58GS20150410,   A01,183,1,12,1,2,20150419,1319,58.333,-33.002,1825,1824.4,3.5157,34.9594,2,34.9596,2,274.7,2,275,2,11.92,2,16.32,2,0,2,1.26,2,-999,9,1.878,2,0.8173,2,2165.6,2,2302.8,2
  58GS20150410,   A01,184,1,12,12,2,20150419,1823,58.164,-32.017,2112,9.6,5.955,35.0577,2,35.0591,2,298.8,2,298.2,2,7.43,2,14.45,2,0.08,2,1,2,-999,9,2.491,2,2.102,2,2161.3,2,2314.6,2
  58GS20150410,   A01,184,1,12,11,2,20150419,1823,58.164,-32.017,2112,102.2,5.9578,35.0676,2,35.0686,2,298.1,2,297.8,2,7.38,2,14.86,2,0.09,2,1.04,2,-999,9,2.491,2,2.8806,2,2158.3,2,2313.5,2
  58GS20150410,   A01,184,1,12,10,2,20150419,1823,58.164,-32.017,2112,203.8,5.9651,35.0693,2,35.0696,2,297.5,2,297.2,2,7.36,2,14.95,2,0.17,2,1.07,2,-999,9,2.501,2,2.2674,2,2160,2,2314.9,2
  58GS20150410,   A01,184,1,12,9,2,20150419,1823,58.164,-32.017,2112,402.4,5.898,35.0621,2,35.0607,2,294.4,2,294.6,2,7.46,2,15.11,2,0.12,2,1.09,2,-999,9,2.491,2,2.608,2,2161.7,2,2315.4,2
  58GS20150410,   A01,184,1,12,8,2,20150419,1823,58.164,-32.017,2112,500,5.6981,35.0331,2,35.0363,2,292.2,2,292.1,2,7.64,2,15.38,2,0,2,1.1,2,-999,9,2.472,2,1.9755,2,2159.7,2,2312.2,2
  58GS20150410,   A01,184,1,12,7,2,20150419,1823,58.164,-32.017,2112,649.3,5.3927,34.9976,2,35.0026,2,290.4,2,291,2,7.91,2,15.63,2,0,2,1.14,2,-999,9,2.511,2,1.9754,2,2161.8,2,2311.4,2
  58GS20150410,   A01,184,1,12,6,2,20150419,1823,58.164,-32.017,2112,745.7,4.9601,34.9848,2,34.9817,2,272.4,2,271.8,2,9.38,2,16.64,2,0,2,1.22,2,-999,9,2.326,2,1.5472,2,2168.9,2,2310.1,2
  58GS20150410,   A01,184,1,12,5,2,20150419,1823,58.164,-32.017,2112,848.7,4.4683,34.9475,2,34.9512,2,277,2,281.8,2,9.64,2,16.76,2,0,2,1.22,2,-999,9,2.413,2,1.2553,2,2169.9,2,2306.8,2
  58GS20150410,   A01,184,1,12,4,2,20150419,1823,58.164,-32.017,2112,999.9,4.1844,34.9404,2,34.9415,2,275.7,2,274.4,2,10.04,2,16.76,2,0,2,1.22,2,-999,9,2.335,2,1.7028,2,2170.7,2,2307.5,2
  58GS20150410,   A01,184,1,12,3,2,20150419,1823,58.164,-32.017,2112,1249.3,3.933,34.9584,2,34.9583,2,274.1,2,272.6,2,10.68,2,16.52,2,0,2,1.25,2,-999,9,2.131,2,0.62273,2,2168.1,2,2307,2
  58GS20150410,   A01,184,1,12,2,2,20150419,1823,58.164,-32.017,2112,1498.6,3.8621,34.9721,2,34.9711,2,273.8,2,272.4,2,10.78,2,16.28,2,0,2,1.27,2,-999,9,2.072,2,1.0411,2,2167,2,2307.9,2
  58GS20150410,   A01,184,1,12,1,2,20150419,1823,58.164,-32.017,2112,2121.4,3.8027,34.9757,2,34.9751,2,273.7,2,274.3,2,11.22,2,16.23,2,0,2,1.26,2,-999,9,2.043,2,0.88542,2,2168.7,2,2308.4,2
  58GS20150410,   A01,185,1,12,12,2,20150420,121,58.019,-31.105,1831,11.6,6.1399,35.0482,2,35.0484,2,298.2,2,297.4,2,7.41,2,14.4,2,0.11,2,0.98,2,-999,9,2.355,2,2.7833,2,2154.2,2,2314.6,2
  58GS20150410,   A01,185,1,12,11,2,20150420,121,58.019,-31.105,1831,99.6,6.1263,35.0487,2,35.0488,2,294.4,2,293.9,2,7.42,2,14.89,2,0.1,2,0.99,2,-999,9,2.326,2,2.0923,2,2158.3,2,2318.1,2
  58GS20150410,   A01,185,1,12,10,2,20150420,121,58.019,-31.105,1831,200.4,6.2913,35.0841,2,35.0853,2,292.4,2,292,2,7.28,2,14.79,2,0.11,2,1.04,2,-999,9,2.316,2,2.355,2,2151.7,2,2313.9,2
  58GS20150410,   A01,185,1,12,9,2,20150420,121,58.019,-31.105,1831,302.5,5.8115,35.0112,2,35.0104,2,297.7,2,297.6,2,7.47,2,14.88,2,0.17,2,1.08,2,-999,9,2.394,2,2.4329,2,2154.7,2,2312.7,2
  58GS20150410,   A01,185,1,12,8,2,20150420,121,58.019,-31.105,1831,409.4,5.9506,35.0414,2,35.0411,2,292.8,2,292.6,2,7.47,2,15.07,2,0.06,2,1.09,2,-999,9,2.374,2,1.9755,2,2156.5,2,2312.9,2
  58GS20150410,   A01,185,1,12,7,2,20150420,121,58.019,-31.105,1831,506.3,5.8939,35.0604,2,35.0585,2,293.5,2,293.5,2,7.59,2,15.42,2,0.09,2,0.97,3,-999,9,2.374,2,2.0728,2,2154.2,2,2313.1,2
  58GS20150410,   A01,185,1,12,6,2,20150420,121,58.019,-31.105,1831,651.8,5.5216,35.0183,2,35.0192,2,295.9,2,296.2,2,7.69,2,15.22,2,0.07,2,1.12,2,-999,9,2.442,2,3.367,2,2157.8,2,2312.7,2
  58GS20150410,   A01,185,1,12,5,2,20150420,121,58.019,-31.105,1831,805.8,5.429,35.0146,2,35.0151,2,291.6,2,294.4,2,7.9,2,15.4,2,0.07,2,1.17,2,-999,9,2.433,2,1.6056,2,2157.5,2,2310.7,2
  58GS20150410,   A01,185,1,12,4,2,20150420,121,58.019,-31.105,1831,1008.6,4.501,34.9672,2,34.9651,2,270.3,2,269.8,2,9.98,2,17,2,0,2,1.11,3,-999,9,2.18,2,1.4012,2,2167.5,2,2307.9,2
  58GS20150410,   A01,185,1,12,3,2,20150420,121,58.019,-31.105,1831,1247.1,4.1484,34.9745,2,34.9783,2,270.8,2,270.1,2,10.39,2,16.55,2,0,2,1.26,2,-999,9,2.053,2,0.9633,2,2167.4,2,2308.9,2
  58GS20150410,   A01,185,1,12,2,2,20150420,121,58.019,-31.105,1831,1492.6,3.7424,34.9795,2,34.9781,2,273.9,2,273.8,2,10.74,2,16.4,2,0,2,1.08,3,-999,9,1.829,2,1.1287,2,2163.6,2,2308.9,2
  58GS20150410,   A01,185,1,12,1,2,20150420,121,58.019,-31.105,1831,1690.8,3.6345,34.9857,2,34.9854,2,274.4,2,274.4,2,10.8,2,16.18,2,0,2,1.22,2,-999,9,1.8,2,1.0216,2,2164.9,2,2309.3,2
  58GS20150410,   A01,186,1,12,12,2,20150420,557,57.865,-30.198,2214,10.5,6.4102,35.0935,2,35.0922,2,292.8,2,292.1,2,7.25,2,14.25,2,0.09,2,0.97,2,-999,9,2.306,2,2.9293,3,2160.7,2,2315.7,2
  58GS20150410,   A01,186,1,12,11,2,20150420,557,57.865,-30.198,2214,100.3,6.4209,35.0942,2,35.096,2,292.6,2,293.5,2,7.22,2,14.57,2,0.09,2,1.03,2,-999,9,2.199,2,2.9876,3,2157.2,2,2318,2
  58GS20150410,   A01,186,1,12,10,2,20150420,557,57.865,-30.198,2214,201.9,6.4543,35.1079,2,35.1073,2,292.5,2,292.4,2,7.13,2,14.69,2,0.1,2,1.04,2,-999,9,2.199,2,1.1581,3,2158.4,2,2317.1,2
  58GS20150410,   A01,186,1,12,9,2,20150420,557,57.865,-30.198,2214,300,6.461,35.1106,2,35.1108,2,289.6,2,289.8,2,7.19,2,14.77,2,0.13,2,1.07,2,-999,9,2.044,2,1.703,3,2157.8,2,2320.4,2
  58GS20150410,   A01,186,1,12,8,2,20150420,557,57.865,-30.198,2214,400.4,6.3942,35.1047,2,35.1035,2,289.1,2,289.3,2,7.25,2,14.93,2,0.11,2,1.07,2,-999,9,2.18,2,0.98289,3,2159.2,2,2315.9,2
  58GS20150410,   A01,186,1,12,7,2,20150420,557,57.865,-30.198,2214,502.2,6.2469,35.0862,2,35.0872,2,281.1,2,281.5,2,7.73,2,15.4,2,0.07,2,1.09,2,-999,9,1.362,3,2.2382,3,2160.2,2,2314.7,2
  58GS20150410,   A01,186,1,12,6,2,20150420,557,57.865,-30.198,2214,668.7,5.6008,35.0417,2,35.0417,2,245.6,2,244.7,2,10.34,2,17.43,2,0,2,1.32,2,-999,9,1.138,3,1.4499,3,2177.2,2,2314.2,2
  58GS20150410,   A01,186,1,12,5,2,20150420,557,57.865,-30.198,2214,849.7,4.623,34.965,2,34.9649,2,262.3,2,261.5,2,10.3,2,17.35,2,0,2,1.32,2,-999,9,1.236,3,0.54493,3,2172.5,2,2310.9,2
  58GS20150410,   A01,186,1,12,4,2,20150420,557,57.865,-30.198,2214,998.4,4.1964,34.9343,2,34.9343,2,270.9,2,270.4,2,10.37,2,17.02,2,0,2,1.3,2,-999,9,1.498,3,1.1774,3,2170.1,2,2306.4,2
  58GS20150410,   A01,186,1,12,3,2,20150420,557,57.865,-30.198,2214,1248.7,3.8558,34.9217,2,34.9227,2,274.7,2,274.8,2,10.9,2,17.03,2,0,2,1.29,2,-999,9,1.46,3,1.6931,3,2167.9,2,2305.9,2
  58GS20150410,   A01,186,1,12,2,2,20150420,557,57.865,-30.198,2214,1501.6,3.6812,34.9583,2,34.9568,2,273.9,2,274.1,2,11.19,2,16.52,2,0,2,1.28,2,-999,9,1.294,3,1.1287,3,2163.5,2,2309.6,2
  58GS20150410,   A01,186,1,12,1,2,20150420,557,57.865,-30.198,2214,2196.8,2.9654,34.9839,2,34.9842,2,276.7,2,277.6,2,12.16,2,15.86,2,0.07,2,1.23,2,-999,9,1.314,3,1.9848,3,2168.7,2,2312.6,2
  58GS20150410,   A01,187,1,12,12,2,20150420,1111,57.7,-29.235,2346,10.3,5.9112,34.9617,2,34.962,2,301.5,2,301.5,2,7.6,2,13.95,2,0.12,2,1,2,-999,9,2.618,2,3.1338,3,2153.7,2,2312.1,2
  58GS20150410,   A01,187,1,12,11,2,20150420,1111,57.7,-29.235,2346,99.5,5.8722,34.9657,2,34.9649,2,299.4,2,299.7,2,7.54,2,14.44,2,0.17,2,1.07,2,-999,9,2.608,2,2.7834,3,2158.3,2,2309.3,2
  58GS20150410,   A01,187,1,12,10,2,20150420,1111,57.7,-29.235,2346,199.2,5.8788,34.9827,2,34.9835,2,296.6,2,297,2,7.54,2,14.72,2,0.16,2,1.04,2,-999,9,2.667,2,2.4038,3,2155.1,2,2311,2
  58GS20150410,   A01,187,1,12,9,2,20150420,1111,57.7,-29.235,2346,398.6,5.7066,35.0034,2,35.0031,2,273.3,2,274,2,8.5,2,16,2,0,2,1.19,2,-999,9,2.326,2,2.1799,3,2168.2,2,2312.2,2
  58GS20150410,   A01,187,1,12,8,2,20150420,1111,57.7,-29.235,2346,500.1,5.1147,34.9751,2,34.9752,2,249.2,2,247.9,2,10.39,2,17.49,2,0,2,1.32,2,-999,9,2.141,2,0.95366,3,2180.9,2,2310.3,2
  58GS20150410,   A01,187,1,12,7,2,20150420,1111,57.7,-29.235,2346,650.7,4.7714,34.9728,2,34.9725,2,256.8,2,256,2,10.44,2,17.33,2,0.11,2,1.32,2,-999,9,2.18,2,2.063,3,2178.4,2,2309.3,2
  58GS20150410,   A01,187,1,12,6,2,20150420,1111,57.7,-29.235,2346,849,4.2607,34.9383,2,34.939,2,269.2,2,268.8,2,10.36,2,17.08,2,0,2,1.28,2,-999,9,2.335,2,1.3039,3,2172.3,2,2307.7,2
  58GS20150410,   A01,187,1,12,5,2,20150420,1111,57.7,-29.235,2346,999.2,3.9996,34.9182,2,34.9179,2,275.7,2,275.5,2,10.27,2,16.8,2,0.08,2,1.29,2,-999,9,2.345,2,1.3915,3,2169.1,2,2307.5,2
  58GS20150410,   A01,187,1,12,4,2,20150420,1111,57.7,-29.235,2346,1499.2,3.6533,34.9317,2,34.9312,2,274.1,2,274,2,11.59,2,16.76,2,0,2,1.29,2,-999,9,1.917,2,1.5763,3,2170.7,2,2308.2,2
  58GS20150410,   A01,187,1,12,3,2,20150420,1111,57.7,-29.235,2346,2000.3,3.2201,34.9722,2,34.9729,2,275.9,2,276,2,12.41,2,16.1,2,0,2,1.23,2,-999,9,1.78,2,1.6151,3,2170.1,2,2312,2
  58GS20150410,   A01,187,1,12,2,2,20150420,1111,57.7,-29.235,2346,2201.2,2.8871,34.9867,2,34.9867,2,277,2,277.2,2,12.63,2,15.78,2,0,2,1.21,2,-999,9,1.761,2,1.761,3,2171.5,2,2311.9,2
  58GS20150410,   A01,187,1,12,1,2,20150420,1111,57.7,-29.235,2346,2334.6,2.8571,34.987,2,34.9866,2,276.6,2,277.4,2,12.66,2,15.79,2,0,2,1.22,2,-999,9,1.537,2,1.3329,3,2175.1,2,2312.3,2
  58GS20150410,   A01,188,1,12,12,2,20150421,1335,61.222,-24.303,1758,10.1,7.1494,35.1676,2,35.1669,2,287.9,2,287.7,2,6.59,2,13.59,2,0.08,2,0.9,2,-999,9,2.394,2,1.82,2,2156.4,2,2318.6,2
  58GS20150410,   A01,188,1,12,11,2,20150421,1335,61.222,-24.303,1758,103.3,7.1136,35.1645,2,35.1642,2,289.1,2,288.7,2,6.65,2,14.03,2,0.09,2,0.94,2,-999,9,2.414,2,2.0535,2,2158.6,2,2317.3,2
  58GS20150410,   A01,188,1,12,10,2,20150421,1335,61.222,-24.303,1758,250.7,7.0516,35.1686,2,35.17,2,284.2,2,283.9,2,6.62,2,14.2,2,0.09,2,0.98,2,-999,9,2.326,2,1.888,2,2156.7,2,2317,2
  58GS20150410,   A01,188,1,12,9,2,20150421,1335,61.222,-24.303,1758,301.3,7.0597,35.1736,2,35.1738,2,283.6,2,283.8,2,6.58,2,14.17,2,0.07,2,0.96,2,-999,9,2.345,2,2.0729,2,2157.4,2,2318,2
  58GS20150410,   A01,188,1,12,8,2,20150421,1335,61.222,-24.303,1758,600.8,6.9598,35.1709,2,35.1701,2,284.4,2,285.6,2,6.6,2,14.28,2,0.08,2,0.96,2,-999,9,2.394,2,1.6836,2,2155.2,2,2316.7,2
  58GS20150410,   A01,188,1,12,7,2,20150421,1335,61.222,-24.303,1758,748.6,5.918,35.0766,2,35.0772,2,239.3,2,238.5,2,10.42,2,17.56,2,0,2,1.25,2,-999,9,1.946,2,1.2165,2,2182,2,2316.8,2
  58GS20150410,   A01,188,1,12,6,2,20150421,1335,61.222,-24.303,1758,999.6,4.6689,34.9935,2,34.9943,2,262.6,2,262.1,2,10.24,2,17.01,2,0,2,1.23,2,-999,9,2.112,2,0.9439,2,2175.4,2,2311.3,2
  58GS20150410,   A01,188,1,12,5,2,20150421,1335,61.222,-24.303,1758,1200.6,4.2097,34.9805,2,34.9782,2,270.1,2,270,2,10.38,2,16.67,2,0,2,1.21,2,-999,9,2.063,2,0.72981,2,2163.4,2,2306.4,2
  58GS20150410,   A01,188,1,12,4,2,20150421,1335,61.222,-24.303,1758,1400.9,3.7326,34.9543,2,34.9557,2,273.8,2,273.6,2,11.35,2,16.82,2,0,2,1.25,2,-999,9,1.82,2,0.75897,2,2169,2,2309.8,2
  58GS20150410,   A01,188,1,12,3,2,20150421,1335,61.222,-24.303,1758,1600.7,3.5467,35.002,2,35.0014,2,274.2,2,274.3,2,10.59,2,15.97,2,0,2,1.13,2,-999,9,1.82,2,0.89515,2,2168.4,2,2309,2
  58GS20150410,   A01,188,1,12,2,2,20150421,1335,61.222,-24.303,1758,1701.5,3.3121,35.0067,2,35.0064,2,275.6,2,275.7,2,10.67,2,15.69,2,0,2,1.15,2,-999,9,1.839,2,0.7881,2,2170.8,2,2309.8,2
  58GS20150410,   A01,188,1,12,1,2,20150421,1335,61.222,-24.303,1758,1745.7,3.2595,35.0083,2,35.0089,2,275.3,2,275.9,2,10.64,2,15.65,2,0,2,1.19,2,-999,9,1.819,2,1.2259,2,2171.7,2,2310.9,2
  58GS20150410,   A01,189,1,12,12,2,20150421,2220,61.127,-22.897,1926,10.3,7.2566,35.1499,2,35.1495,2,290.3,2,290.2,2,6.65,2,13.48,2,0.13,2,0.91,2,-999,9,2.384,2,3.1826,2,2151.5,2,2316,2
  58GS20150410,   A01,189,1,12,11,2,20150421,2220,61.127,-22.897,1926,99.7,7.232,35.1548,2,35.1548,2,287.2,2,287,2,6.62,2,14.14,2,0.1,2,0.86,2,-999,9,2.316,2,2.5499,2,2154.6,2,2317,2
  58GS20150410,   A01,189,1,12,10,2,20150421,2220,61.127,-22.897,1926,254.1,7.2002,35.162,2,35.1625,2,281.2,2,281,2,6.69,2,14.41,2,0.07,2,0.97,2,-999,9,2.277,2,2.8224,2,2157.6,2,2315.9,2
  58GS20150410,   A01,189,1,12,9,2,20150421,2220,61.127,-22.897,1926,502.9,7.2277,35.1824,2,35.1821,2,282.8,2,283.7,2,6.41,2,14.16,2,0.11,2,0.96,2,-999,9,2.277,2,1.7421,2,2158.1,2,2316.6,2
  58GS20150410,   A01,189,1,12,8,2,20150421,2220,61.127,-22.897,1926,747.2,5.8751,35.064,2,35.0646,2,234.3,2,232.6,2,10.89,2,18.01,2,0.07,2,1.32,2,-999,9,1.839,2,1.6544,2,2180.1,2,2314.3,2
  58GS20150410,   A01,189,1,12,7,2,20150421,2220,61.127,-22.897,1926,996.5,4.7608,34.998,2,34.9975,2,261.3,2,260.2,2,10.3,2,17.07,2,0,2,1.27,2,-999,9,2.121,2,1.411,2,2172.9,2,2308.8,2
  58GS20150410,   A01,189,1,12,6,2,20150421,2220,61.127,-22.897,1926,1201.5,4.0069,34.932,2,34.9328,2,273,2,272,2,10.86,2,17.08,2,0.06,2,1.26,2,-999,9,2.082,2,1.2747,2,2168.7,2,2305.5,2
  58GS20150410,   A01,189,1,12,5,2,20150421,2220,61.127,-22.897,1926,1400,3.8209,34.9562,2,34.9556,2,273.8,2,272.8,2,11.15,2,16.7,2,0,2,1.24,2,-999,9,1.868,2,0.37949,2,2165.4,2,2306.7,2
  58GS20150410,   A01,189,1,12,4,2,20150421,2220,61.127,-22.897,1926,1598.5,3.6443,34.9881,2,34.9878,2,275.4,2,280.3,3,10.79,2,16.31,2,0,2,1.23,2,-999,9,1.81,2,0.55461,2,2166.3,2,2308.5,2
  58GS20150410,   A01,189,1,12,3,2,20150421,2220,61.127,-22.897,1926,1696.9,3.456,35.0015,2,35.0016,2,278.5,2,278.1,2,9.99,2,15.6,2,0.08,2,1.17,2,-999,9,1.839,2,1.3816,2,2170.3,2,2308.7,2
  58GS20150410,   A01,189,1,12,2,2,20150421,2220,61.127,-22.897,1926,1798.4,3.1917,34.9914,2,34.9913,2,278.6,2,278,2,11.11,2,15.86,2,0,2,1.21,2,-999,9,1.586,2,0.71999,2,2167,2,2308.6,2
  58GS20150410,   A01,189,1,12,1,2,20150421,2220,61.127,-22.897,1926,1913.2,3.0052,34.9964,2,34.9968,2,280.4,2,280.2,2,10.48,2,15.53,2,0,2,1.19,2,-999,9,1.566,2,0.59349,2,2167.3,2,2310.3,2
  58GS20150410,   A01,190,1,12,12,2,20150422,411,61.063,-21.401,2151,10.4,7.3003,35.1582,2,35.1581,2,292,2,291.6,2,6.56,2,13.21,2,0.14,2,0.93,2,-999,9,2.394,2,3.3578,2,2157.6,2,2317.1,2
  58GS20150410,   A01,190,1,12,11,2,20150422,411,61.063,-21.401,2151,98.9,7.2885,35.1637,2,35.1647,2,289.3,2,289.1,2,6.5,2,13.66,2,0.1,2,0.97,2,-999,9,2.414,2,2.6862,2,2157.6,2,2317.8,2
  58GS20150410,   A01,190,1,12,10,2,20150422,411,61.063,-21.401,2151,250.6,7.3279,35.185,2,35.1837,2,284,2,283.8,2,6.37,2,13.97,2,0.1,2,0.94,2,-999,9,2.53,2,3.2604,2,2157.5,2,2318.7,2
  58GS20150410,   A01,190,1,12,9,2,20150422,411,61.063,-21.401,2151,498.9,7.1743,35.1797,2,35.179,2,282.4,2,282.8,2,6.48,2,14.16,2,0.11,2,0.99,2,-999,9,2.472,2,2.5012,2,2159.5,2,2316.2,2
  58GS20150410,   A01,190,1,12,8,2,20150422,411,61.063,-21.401,2151,720.1,6.3199,35.1018,2,35.1042,2,232.3,2,231.8,2,10.45,2,17.83,2,0.09,2,1.26,2,-999,9,1.907,2,1.1192,2,2179.3,2,2316.4,2
  58GS20150410,   A01,190,1,12,7,2,20150422,411,61.063,-21.401,2151,1000.3,4.7,34.9864,2,34.9843,2,260,2,259.2,2,10.56,2,17.36,2,0,2,1.27,2,-999,9,2.112,2,1.4305,2,2177.1,2,2309.3,2
  58GS20150410,   A01,190,1,12,6,2,20150422,411,61.063,-21.401,2151,1200.3,4.1019,34.9307,2,34.9313,2,271.2,2,270.8,2,10.75,2,17.17,2,0,2,1.29,2,-999,9,2.092,2,1.4304,2,2172.6,2,2303.9,2
  58GS20150410,   A01,190,1,12,5,2,20150422,411,61.063,-21.401,2151,1800,3.4665,34.9347,2,34.936,2,275.7,2,275.6,2,12.31,2,16.87,2,0,2,1.27,2,-999,9,1.635,2,1.2358,2,2168.1,2,2310.2,2
  58GS20150410,   A01,190,1,12,4,2,20150422,411,61.063,-21.401,2151,1889.8,3.6714,35.0059,2,35.0043,2,276.3,2,276.5,2,10.01,2,15.84,2,0,2,1.17,2,-999,9,1.868,2,1.7514,2,2172.9,2,2308.9,2
  58GS20150410,   A01,190,1,12,3,2,20150422,411,61.063,-21.401,2151,1969.8,3.2701,34.9574,2,34.9583,2,275.5,2,275.7,2,13.08,2,16.51,2,0,2,1.25,2,-999,9,1.537,2,1.2844,2,2167.4,2,2309.7,2
  58GS20150410,   A01,190,1,12,2,2,20150422,411,61.063,-21.401,2151,2100.2,3.2082,35.003,2,35.0025,2,279.3,2,280,2,10.2,2,15.48,2,0,2,1.17,2,-999,9,1.674,2,1.1967,2,2169.6,2,2309.1,2
  58GS20150410,   A01,190,1,12,1,2,20150422,411,61.063,-21.401,2151,2139.1,3.2009,35.0022,2,35.0023,2,278.7,2,279.7,2,10.29,2,15.47,2,0,2,1.19,2,-999,9,1.683,2,1.08,2,2171.4,2,2309.8,2
  58GS20150410,   A01,191,1,12,12,2,20150422,1006,60.997,-19.904,2441,9.4,7.6873,35.1915,2,35.1917,2,290.6,2,290.5,2,6.35,2,12.94,2,0.12,2,0.9,2,-999,9,2.56,2,3.5623,2,2147.2,2,2318.1,2
  58GS20150410,   A01,191,1,12,11,2,20150422,1006,60.997,-19.904,2441,98.7,7.5485,35.1896,2,35.1885,2,284.3,2,284.3,2,6.38,2,13.77,2,0.11,2,0.93,2,-999,9,2.501,2,3.3092,2,2152.6,2,2318.1,2
  58GS20150410,   A01,191,1,12,10,2,20150422,1006,60.997,-19.904,2441,401.6,7.4465,35.1843,2,35.1847,2,279.9,2,280.6,2,6.5,2,14.19,2,0.08,2,0.95,2,-999,9,2.394,2,3.825,2,2153.7,2,2319.2,2
  58GS20150410,   A01,191,1,12,9,2,20150422,1006,60.997,-19.904,2441,616.3,6.7782,35.1178,2,35.1183,2,231.9,2,231.5,2,9.99,2,17.52,2,0.06,2,1.27,2,-999,9,1.995,2,1.2749,2,2174.8,2,2316.1,2
  58GS20150410,   A01,191,1,12,8,2,20150422,1006,60.997,-19.904,2441,1000.7,4.8856,34.9956,2,34.9968,2,254.9,2,254.2,2,10.67,2,17.57,2,0,2,1.28,2,-999,9,2.16,2,1.6932,2,2172,2,2307.9,2
  58GS20150410,   A01,191,1,12,7,2,20150422,1006,60.997,-19.904,2441,1352.9,4.1067,34.9323,2,34.9321,2,270.8,2,270.6,2,10.79,2,17.25,2,0,2,1.27,2,-999,9,2.248,2,1.4305,2,2168.3,2,2302.2,2
  58GS20150410,   A01,191,1,12,6,2,20150422,1006,60.997,-19.904,2441,1424.2,4.1573,34.9547,2,34.9547,2,270.4,2,270.2,2,10.58,2,16.86,2,0,2,1.26,2,-999,9,2.209,2,2.7733,2,2167.3,2,2303.9,2
  58GS20150410,   A01,191,1,12,5,2,20150422,1006,60.997,-19.904,2441,1702,4.019,34.99,2,34.9876,2,272.8,2,272.9,2,10.36,2,16.44,2,0,2,1.19,2,-999,9,1.966,2,1.3136,2,2165.4,2,2311.6,2
  58GS20150410,   A01,191,1,12,4,2,20150422,1006,60.997,-19.904,2441,1999.1,3.4183,34.9689,2,34.9693,2,275.8,2,275.9,2,11.86,2,16.21,2,0,2,1.24,2,-999,9,1.849,2,2.0239,2,2166.5,2,2307.3,2
  58GS20150410,   A01,191,1,12,3,2,20150422,1006,60.997,-19.904,2441,2097.3,3.2723,34.9697,2,34.9696,2,275.8,2,275.7,2,12.88,2,16.3,2,0,2,1.22,2,-999,9,1.683,2,1.7027,2,2166.4,2,2308.9,2
  58GS20150410,   A01,191,1,12,2,2,20150422,1006,60.997,-19.904,2441,2198.4,3.1931,34.9932,2,34.9943,2,278.2,2,278.4,2,10.88,2,15.64,2,0,2,1.22,2,-999,9,1.761,2,1.9167,2,2165.7,2,2308.2,2
  58GS20150410,   A01,191,1,12,1,2,20150422,1006,60.997,-19.904,2441,2431,2.5666,34.9845,2,34.9845,2,278.5,2,279.1,2,12.8,2,15.63,2,0.13,2,1.23,2,-999,9,1.411,2,1.4983,2,2174.3,2,2310.3,2
  58GS20150410,   A01,192,1,12,12,2,20150422,1758,61.989,-20.006,1825,699.5,6.1269,35.1085,2,35.1089,2,246,2,245.6,2,9.73,2,16.26,2,0.12,2,1.13,3,-999,9,2.034,2,1.9171,2,2172.4,2,2313.7,2
  58GS20150410,   A01,192,1,12,11,2,20150422,1758,61.989,-20.006,1825,800.2,5.527,35.0672,2,35.0663,2,251.3,2,250.9,2,9.99,2,16.68,2,0,2,1.25,2,-999,9,2.014,2,1.1288,2,2175.8,2,2311.2,2
  58GS20150410,   A01,192,1,12,10,2,20150422,1758,61.989,-20.006,1825,901,5.0022,35.014,2,35.0144,2,255.2,2,254.4,2,10.5,2,17.18,2,0,2,1.27,2,-999,9,2.121,2,1.3332,2,2170.5,2,2307.3,2
  58GS20150410,   A01,192,1,12,9,2,20150422,1758,61.989,-20.006,1825,1002.1,4.4586,34.9639,2,34.9649,2,264.8,2,264.3,2,10.53,2,17.14,2,0,2,1.29,2,-999,9,2.19,2,1.3818,2,2169.6,2,2305.1,2
  58GS20150410,   A01,192,1,12,8,2,20150422,1758,61.989,-20.006,1825,1149.5,3.9784,34.9274,2,34.9272,2,272.3,2,271.9,2,11.03,2,17.03,2,0,2,1.31,2,-999,9,2.073,2,2.1116,2,2170.8,2,2303.5,2
  58GS20150410,   A01,192,1,12,7,2,20150422,1758,61.989,-20.006,1825,1225.7,4.2435,34.999,2,34.9977,2,274.1,2,274,2,9.68,2,15.86,2,0,2,1.22,2,-999,9,2.053,2,1.4012,2,2168.1,2,2305.4,2
  58GS20150410,   A01,192,1,12,6,2,20150422,1758,61.989,-20.006,1825,1300.9,3.9431,34.9611,2,34.9602,2,273.3,2,272.8,2,10.87,2,16.54,2,0,2,1.28,2,-999,9,1.722,2,0.7979,2,2173.2,2,2302.3,2
  58GS20150410,   A01,192,1,12,5,2,20150422,1758,61.989,-20.006,1825,1398.8,3.9737,34.9968,2,34.9977,2,276.1,2,275.6,2,9.9,2,15.82,2,0,2,1.19,2,-999,9,1.82,2,0.93409,2,2164.6,2,2304,2
  58GS20150410,   A01,192,1,12,4,2,20150422,1758,61.989,-20.006,1825,1451,3.8124,34.9874,2,34.9881,2,278.4,2,284,3,10.11,2,15.88,2,0,2,1.2,2,-999,9,2.141,2,1.1384,2,2164.8,2,2306.5,2
  58GS20150410,   A01,192,1,12,3,2,20150422,1758,61.989,-20.006,1825,1498.5,3.6854,34.9979,2,34.9977,2,278.1,2,277.6,2,10.02,2,15.7,2,0,2,1.17,2,-999,9,2.043,2,2.5978,2,2170.6,2,2305.8,2
  58GS20150410,   A01,192,1,12,2,2,20150422,1758,61.989,-20.006,1825,1598.5,3.233,34.9824,2,34.9829,2,279.8,2,279,2,10.71,2,15.92,2,0,2,1.22,2,-999,9,1.868,2,0.66161,2,2169.4,2,2306.7,2
  58GS20150410,   A01,192,1,12,1,2,20150422,1758,61.989,-20.006,1825,1812.7,2.8693,34.9906,2,34.9902,2,283.1,2,282.5,2,10.27,2,15.65,2,0.1,2,1.19,2,-999,9,1.664,2,1.7221,2,2173.3,2,2309.2,2
  58GS20150410,   A01,192,2,12,12,2,20150422,2029,61.989,-20.006,1825,10,7.7324,35.2146,2,35.2146,2,288.9,2,288.3,2,6.12,2,12.9,2,0.11,2,0.87,2,-999,9,2.618,2,3.1534,2,2160.7,2,2319.9,2
  58GS20150410,   A01,192,2,12,11,2,20150422,2029,61.989,-20.006,1825,100.1,7.6356,35.2139,2,35.214,2,281.4,2,281,2,6.12,2,13.65,2,0.12,2,0.9,2,-999,9,2.55,2,3.4453,2,2161.1,6,2323.7,2
  58GS20150410,   A01,192,2,12,9,2,20150422,2029,61.989,-20.006,1825,200.5,7.5407,35.2051,2,35.2051,2,280,2,279.6,2,6.25,2,13.83,2,0.09,2,0.98,2,-999,9,2.521,2,2.949,2,2155.3,2,2317.9,2
  58GS20150410,   A01,192,2,12,10,2,20150422,2029,61.989,-20.006,1825,201.3,7.539,35.205,2,35.2053,2,280,2,279.6,2,6.28,2,13.95,2,0.08,2,0.94,2,-999,9,2.647,2,3.494,2,2159.2,2,2320.7,2
  58GS20150410,   A01,192,2,12,8,2,20150422,2029,61.989,-20.006,1825,300.7,7.4816,35.199,2,35.1991,2,280.8,2,280.7,2,6.3,2,13.98,2,0.1,2,0.97,2,-999,9,2.482,2,3.9124,2,2157.2,2,2320,2
  58GS20150410,   A01,192,2,12,7,2,20150422,2029,61.989,-20.006,1825,397.8,7.3778,35.1908,2,35.1906,2,281.1,2,281.4,2,6.36,2,14.02,2,0.09,2,0.96,2,-999,9,2.472,2,1.9562,2,2160.1,2,2319.3,2
  58GS20150410,   A01,192,2,12,6,2,20150422,2029,61.989,-20.006,1825,398.1,7.3778,35.1909,2,35.1908,2,281.2,2,281.3,2,6.35,2,13.96,2,0.09,2,0.98,2,-999,9,2.492,2,1.7615,2,2152.3,2,2317.9,2
  58GS20150410,   A01,192,2,12,4,2,20150422,2029,61.989,-20.006,1825,499.5,7.3521,35.1904,2,35.1905,2,281.7,2,282.4,2,6.33,2,14.02,2,0.11,2,0.98,2,-999,9,2.521,2,2.5206,2,2152.6,2,2318.8,2
  58GS20150410,   A01,192,2,12,5,2,20150422,2029,61.989,-20.006,1825,500,7.3521,35.1904,2,35.1903,2,281.8,2,282.6,2,6.32,2,13.92,2,0.12,2,0.99,2,-999,9,2.521,2,2.9878,2,2156.2,2,2318.1,2
  58GS20150410,   A01,192,2,12,3,2,20150422,2029,61.989,-20.006,1825,551.4,7.2382,35.1779,2,35.1779,2,275.9,2,276.5,2,6.67,2,14.41,2,0.19,2,1,2,-999,9,2.433,2,2.9683,2,2157.6,2,2317.4,2
  58GS20150410,   A01,192,2,12,1,2,20150422,2029,61.989,-20.006,1825,601,6.9094,35.1499,2,35.1509,2,245.9,2,245.5,2,8.86,2,16.42,2,0.07,2,1.25,2,-999,9,2.083,2,2.5109,2,2170.1,2,2317.3,2
  58GS20150410,   A01,192,2,12,2,2,20150422,2029,61.989,-20.006,1825,601.7,6.9088,35.1499,2,35.1488,2,246,2,245.6,2,8.9,2,16.41,2,0,2,1.2,2,-999,9,2.063,2,2.3843,2,2169.5,2,2316.8,2
  58GS20150410,   A01,194,1,10,9,2,20150424,429,61.324,-7.8757,817,50,8.3455,35.2988,2,35.2996,2,287.1,2,286.2,2,5.35,2,12.06,2,0.11,2,0.86,2,-999,9,2.414,2,3.9807,2,2146.8,2,2483.9,3
  58GS20150410,   A01,194,1,10,8,2,20150424,429,61.324,-7.8757,817,98.3,8.2189,35.2889,2,35.2894,2,281.6,2,281.6,2,5.41,2,12.82,2,0.13,2,0.87,2,-999,9,2.384,2,3.0366,2,2150.3,2,2319.4,2
  58GS20150410,   A01,194,1,10,7,2,20150424,429,61.324,-7.8757,817,248.9,8.0864,35.2745,2,35.2749,2,282,2,282.5,2,5.51,2,12.98,2,0.13,2,0.94,2,-999,9,2.316,2,2.5596,2,2152.6,2,2318.4,2
  58GS20150410,   A01,194,1,10,6,2,20150424,429,61.324,-7.8757,817,398.9,7.767,35.2616,2,35.2608,2,281.9,2,282.3,2,5.5,2,12.94,2,0.12,2,0.88,2,-999,9,2.306,2,2.2676,2,2149.5,2,2318.5,2
  58GS20150410,   A01,194,1,10,5,2,20150424,429,61.324,-7.8757,817,502.2,4.3843,35.0756,2,35.0765,2,292.2,2,292.4,2,6.46,2,13.44,2,0,2,0.98,2,-999,9,2.403,2,3.4542,2,2163.1,2,2310.2,2
  58GS20150410,   A01,194,1,10,4,2,20150424,429,61.324,-7.8757,817,600.3,1.1433,34.9439,2,34.9423,2,301.4,2,301,2,7.77,2,14.26,2,0.08,2,1.04,2,-999,9,2.403,2,2.4127,2,2171.8,2,2357.5,3
  58GS20150410,   A01,194,1,10,3,2,20150424,429,61.324,-7.8757,817,699.4,-0.0994,34.9111,2,34.9114,2,304.7,2,304.8,2,8.69,2,14.47,2,0,2,1.08,2,-999,9,1.868,2,1.109,2,2173.1,2,2297.3,2
  58GS20150410,   A01,194,1,10,2,2,20150424,429,61.324,-7.8757,817,749.3,-0.3443,34.9086,2,34.9101,2,303.3,2,304.1,2,9.56,2,14.63,2,0,2,1.15,2,-999,9,1.702,2,1.6245,2,2171.8,2,2298.7,2
  58GS20150410,   A01,194,1,10,1,2,20150424,429,61.324,-7.8757,817,790.7,-0.3579,34.9103,2,34.9095,2,302.5,2,301.7,2,9.78,2,14.7,2,0.19,2,1.19,2,-999,9,1.547,2,0.79767,2,2174.2,2,2300.2,2
  58GS20150410,   A01,195,1,10,10,2,20150424,611,61.293,-7.945,865,10.5,8.4393,35.3091,2,35.3084,2,287.1,2,286,2,5.3,2,11.63,2,0.12,2,0.82,2,-999,9,2.424,2,2.6669,2,2147,2,2323.7,2
  58GS20150410,   A01,195,1,10,9,2,20150424,611,61.293,-7.945,865,101,8.2066,35.2859,2,35.2872,2,282.6,2,282.3,2,5.44,2,12.72,2,0.13,2,0.88,2,-999,9,2.346,2,3.4357,2,2151.2,2,2327.3,2
  58GS20150410,   A01,195,1,10,8,2,20150424,611,61.293,-7.945,865,250.6,8.0969,35.2736,2,35.2723,2,281.7,2,281.9,2,5.49,2,12.99,2,0.12,2,0.92,2,-999,9,2.346,2,3.2703,2,2152.1,6,2320.4,2
  58GS20150410,   A01,195,1,10,7,2,20150424,611,61.293,-7.945,865,400.7,8.0033,35.2727,2,35.274,2,280.6,2,281.2,2,5.46,2,12.94,2,0.16,2,0.92,2,-999,9,2.258,2,2.1995,2,2152.5,2,2322.9,2
  58GS20150410,   A01,195,1,10,6,2,20150424,611,61.293,-7.945,865,505.7,7.1433,35.2213,2,35.22,2,285.7,2,286.4,2,5.47,2,12.93,2,0.09,2,0.91,2,-999,9,2.53,2,2.2675,2,2150.1,2,2319.8,2
  58GS20150410,   A01,195,1,10,5,2,20150424,611,61.293,-7.945,865,556.4,5.6489,35.1402,2,35.1408,2,289.5,2,289.9,2,5.92,2,13.08,2,0,2,0.96,2,-999,9,2.598,2,2.7441,2,2155.8,2,2313.5,2
  58GS20150410,   A01,195,1,10,4,2,20150424,611,61.293,-7.945,865,699.4,-0.1568,34.9121,2,34.914,2,304.4,2,303.6,2,9.25,2,14.43,2,0,2,1.1,2,-999,9,2.14,2,2.072,2,2172,2,2302.4,2
  58GS20150410,   A01,195,1,10,3,2,20150424,611,61.293,-7.945,865,747.5,-0.2074,34.9163,2,34.9131,2,303.9,2,303.7,2,9.43,2,14.65,2,0,2,1.1,2,-999,9,2.14,2,0.9436,2,2171.1,2,2303.4,2
  58GS20150410,   A01,195,1,10,2,2,20150424,611,61.293,-7.945,865,795.3,-0.2959,34.9117,2,34.9121,2,303.4,2,303.6,2,9.66,2,14.73,2,0,2,1.13,2,-999,9,2.101,2,2.1012,2,2169.3,2,2302.7,2
  58GS20150410,   A01,195,1,10,1,2,20150424,611,61.293,-7.945,865,845.4,-0.4646,34.9105,2,34.9114,2,303,2,303.1,2,10.12,2,14.8,2,0,2,1.13,2,-999,9,1.887,2,1.6342,2,2170.5,2,2302.9,2
  58GS20150410,   A01,196,1,10,10,2,20150424,752,61.281,-7.991,876,10.7,8.3583,35.2988,2,35.2995,2,288.2,2,287.2,2,5.4,2,11.61,2,0.1,2,0.78,2,-999,9,2.56,2,2.8712,2,2148.5,2,2327.3,2
  58GS20150410,   A01,196,1,10,9,2,20150424,752,61.281,-7.991,876,100.2,8.1216,35.2736,2,35.272,2,281.6,2,281.6,2,5.54,2,12.85,2,0.1,2,0.89,2,-999,9,2.589,2,3.2215,2,2151,2,2323.4,2
  58GS20150410,   A01,196,1,10,8,2,20150424,752,61.281,-7.991,876,250,8.0949,35.2706,2,35.2717,2,281.3,2,281.6,2,5.54,2,13.04,2,0.12,2,0.92,2,-999,9,2.56,2,2.2677,2,2155.1,2,2323.1,2
  58GS20150410,   A01,196,1,10,7,2,20150424,752,61.281,-7.991,876,407,8.0538,35.2729,2,35.2728,2,280.8,2,281.6,2,5.54,2,12.94,2,0.12,2,0.9,2,-999,9,2.482,2,3.0171,2,2156,2,2321.6,2
  58GS20150410,   A01,196,1,10,6,2,20150424,752,61.281,-7.991,876,509.7,7.8419,35.2653,2,35.265,2,280.3,2,281.1,2,5.52,2,12.94,2,0.13,2,0.91,2,-999,9,2.55,2,2.5693,2,2150,2,2321.9,2
  58GS20150410,   A01,196,1,10,5,2,20150424,752,61.281,-7.991,876,605.8,3.2422,35.0361,2,35.0363,2,295.1,2,294.7,2,7.22,2,13.81,2,0,2,1.01,2,-999,9,2.539,2,2.1405,2,2167.7,2,2309,2
  58GS20150410,   A01,196,1,10,4,2,20150424,752,61.281,-7.991,876,699.8,0.3718,34.9357,2,34.9348,2,303,2,301.6,2,9.13,2,14.56,2,0,2,1.07,2,-999,9,2.208,2,1.1868,2,2172.2,2,2303.5,2
  58GS20150410,   A01,196,1,10,3,2,20150424,752,61.281,-7.991,876,742.7,0.0271,34.9225,2,34.9229,2,303.8,2,303.8,2,9.35,2,14.67,2,0,2,1.09,2,-999,9,2.13,2,1.8386,2,2172.9,2,2297.9,2
  58GS20150410,   A01,196,1,10,2,2,20150424,752,61.281,-7.991,876,792,-0.1035,34.9179,2,34.9189,2,304,2,305.2,2,9.44,2,14.79,2,0,2,1.08,2,-999,9,2.101,2,1.7607,2,2173.8,2,2303.9,2
  58GS20150410,   A01,196,1,10,1,2,20150424,752,61.281,-7.991,876,847.2,-0.4301,34.9125,2,34.9119,2,303.6,2,303.5,2,10.03,2,14.74,2,0,2,1.13,2,-999,9,1.916,2,1.6245,2,2173.6,2,2305.9,2
  58GS20150410,   A01,197,1,10,10,2,20150424,935,61.256,-8.009,862,10.4,8.3559,35.2949,2,35.2944,2,288.9,2,288.1,2,5.45,2,11.78,2,0.12,2,0.79,2,-999,9,2.735,2,2.8615,2,2147.7,2,2325.5,2
  58GS20150410,   A01,197,1,10,9,2,20150424,935,61.256,-8.009,862,99.1,8.125,35.2729,2,35.2731,2,282.2,2,281.9,2,5.52,2,12.91,2,0.1,2,0.87,2,-999,9,2.676,2,2.3845,2,2151.1,2,2322.7,2
  58GS20150410,   A01,197,1,10,8,2,20150424,935,61.256,-8.009,862,250.9,8.1081,35.27,2,35.2714,2,281.2,2,281.4,2,5.53,2,12.94,2,0.1,2,0.91,2,-999,9,2.384,2,1.8979,2,2152.5,2,2331.3,2
  58GS20150410,   A01,197,1,10,7,2,20150424,935,61.256,-8.009,862,405.8,8.0506,35.2732,2,35.2727,2,280.6,2,281.6,2,5.49,2,12.97,2,0.12,2,0.87,2,-999,9,2.754,2,2.5207,2,2154.3,2,2324.7,2
  58GS20150410,   A01,197,1,10,6,2,20150424,935,61.256,-8.009,862,510.5,7.8956,35.2698,2,35.2694,2,279.7,2,280.5,2,5.52,2,13.05,2,0.12,2,0.88,2,-999,9,2.638,2,2.5791,2,2153.5,2,2322.7,2
  58GS20150410,   A01,197,1,10,5,2,20150424,935,61.256,-8.009,862,613.6,4.6273,35.1124,2,35.1126,2,290.9,2,290.5,2,6.46,2,13.53,2,0.07,2,0.93,2,-999,9,2.598,2,2.5299,2,2157.1,2,2313.2,2
  58GS20150410,   A01,197,1,10,4,2,20150424,935,61.256,-8.009,862,694.2,0.3172,34.9327,2,34.9324,2,302.6,2,302.1,2,9.18,2,14.48,2,0,2,1.07,2,-999,9,2.16,2,1.4982,2,2172.4,2,2302.7,2
  58GS20150410,   A01,197,1,10,3,2,20150424,935,61.256,-8.009,862,740.3,0.0324,34.9233,2,34.9223,2,303.1,2,303,2,9.4,2,14.64,2,0,2,1.09,2,-999,9,2.16,2,1.79,2,2174,2,2303.6,2
  58GS20150410,   A01,197,1,10,2,2,20150424,935,61.256,-8.009,862,791.8,-0.3294,34.9118,2,34.9122,2,303.4,2,303.4,2,9.74,2,14.72,2,0,2,1.12,2,-999,9,1.994,2,1.7218,2,2171.4,2,2302.6,2
  58GS20150410,   A01,197,1,10,1,2,20150424,935,61.256,-8.009,862,827.5,-0.367,34.9107,2,34.9113,2,303.1,2,303.4,2,9.87,2,14.7,2,0,2,1.17,2,-999,9,1.634,2,1.0312,2,2170.9,2,2302.7,2
  58GS20150410,   A01,198,1,10,10,2,20150424,1926,61.436,-4.6242,748,11.8,7.7611,35.2568,2,35.2571,2,291.1,2,290.8,2,5.57,2,12.03,2,0.17,2,0.78,2,-999,9,2.988,2,3.7275,2,2148.1,2,2320.5,2
  58GS20150410,   A01,198,1,10,9,2,20150424,1926,61.436,-4.6242,748,107.5,7.5846,35.2457,2,35.246,2,286.3,2,286.4,2,5.59,2,12.68,2,0.24,2,0.98,2,-999,9,2.618,2,1.5571,2,2152.5,2,2320.9,2
  58GS20150410,   A01,198,1,10,8,2,20150424,1926,61.436,-4.6242,748,203.9,7.3093,35.2258,2,35.2242,2,287.3,2,286.9,2,5.73,2,12.92,2,0.17,2,0.95,2,-999,9,3.25,2,2.433,2,2153.2,2,2319.6,2
  58GS20150410,   A01,198,1,10,7,2,20150424,1926,61.436,-4.6242,748,301.3,6.8957,35.1987,2,35.1997,2,284.1,2,284.3,2,6.03,2,13.33,2,0.1,2,0.99,2,-999,9,3.163,2,3.8051,2,2153.9,2,2318.7,2
  58GS20150410,   A01,198,1,10,6,2,20150424,1926,61.436,-4.6242,748,400.6,5.24,35.0556,2,35.0559,2,293.8,2,293.8,2,6.2,2,13.3,2,0.07,2,0.96,2,-999,9,3.396,2,2.7246,2,2153.8,2,2309.6,2
  58GS20150410,   A01,198,1,10,5,2,20150424,1926,61.436,-4.6242,748,498.3,2.9097,34.966,2,34.9659,2,297.5,2,296.7,2,6.48,2,13.67,2,0,2,1.04,2,-999,9,3.542,2,3.3177,2,2165.8,2,2303.9,2
  58GS20150410,   A01,198,1,10,4,2,20150424,1926,61.436,-4.6242,748,600.7,0.7871,34.9244,2,34.9233,2,304,2,309.2,3,7.68,2,14.28,2,0,2,1.09,2,-999,9,3.191,2,2.4029,2,2170.6,2,2300.7,2
  58GS20150410,   A01,198,1,10,3,2,20150424,1926,61.436,-4.6242,748,649.4,-0.0071,34.9106,2,34.912,2,304.8,2,303.4,2,8.9,2,14.53,2,0,2,1.12,2,-999,9,2.782,2,2.1888,2,2174.6,2,2298.8,2
  58GS20150410,   A01,198,1,10,2,2,20150424,1926,61.436,-4.6242,748,699,-0.1974,34.9104,2,34.9109,2,304.1,2,302.9,2,9.5,2,14.58,2,0,2,1.2,2,-999,9,2.704,2,1.9164,2,2176.6,2,2301.9,2
  58GS20150410,   A01,198,1,10,1,2,20150424,1926,61.436,-4.6242,748,717.9,-0.2034,34.9116,2,34.9107,2,304.1,2,303,2,9.45,2,14.55,2,0,2,1.21,2,-999,9,2.412,2,1.5564,2,2172.9,2,2304.3,2
  58GS20150410,   A01,199,1,12,12,2,20150424,2136,61.305,-4.2865,1136,10.1,7.56,35.229,2,35.2309,2,299.4,2,300.1,2,5.49,2,10.8,2,0.18,2,0.83,2,-999,9,3.046,2,2.1216,2,2142.8,2,2320.2,2
  58GS20150410,   A01,199,1,12,11,2,20150424,2136,61.305,-4.2865,1136,97.6,7.1399,35.2141,2,35.2126,2,290,2,290.6,2,5.52,2,12.42,2,0.26,2,0.87,2,-999,9,3.046,2,3.7662,2,2146.9,2,2317.1,2
  58GS20150410,   A01,199,1,12,10,2,20150424,2136,61.305,-4.2865,1136,200.3,6.5098,35.1642,2,35.1606,2,290.6,2,291,2,6.03,2,13.29,2,0.17,2,0.92,2,-999,9,3.017,2,1.9074,2,2149.5,2,2316.1,2
  58GS20150410,   A01,199,1,12,9,2,20150424,2136,61.305,-4.2865,1136,297.4,4.7119,35.0226,2,35.0299,2,297.3,2,297.1,2,6.56,2,13.45,2,0.06,2,1,2,-999,9,2.764,2,1.1579,2,2157,2,2308.2,2
  58GS20150410,   A01,199,1,12,8,2,20150424,2136,61.305,-4.2865,1136,399.2,2.2122,34.9585,2,34.9526,2,298.9,2,298.4,2,6.77,2,13.93,2,0,2,1.04,2,-999,9,3.6,2,2.9673,2,2169.4,2,2302.4,2
  58GS20150410,   A01,199,1,12,7,2,20150424,2136,61.305,-4.2865,1136,499.7,0.5579,34.9201,2,34.9183,2,306.8,2,305.8,2,7.18,2,14.24,2,0,2,1.1,2,-999,9,3.677,2,2.5487,2,2172.8,2,2299.4,2
  58GS20150410,   A01,199,1,12,6,2,20150424,2136,61.305,-4.2865,1136,601.6,-0.0589,34.9049,2,34.9089,2,310.4,2,309.3,2,7.56,2,14.09,2,0,2,1.1,2,-999,9,3.463,2,2.6946,2,2171.5,2,2299.6,2
  58GS20150410,   A01,199,1,12,5,2,20150424,2136,61.305,-4.2865,1136,701.1,-0.3119,34.9075,2,34.9079,2,306.6,2,305.9,2,8.73,2,14.55,2,0,2,1.09,2,-999,9,2.86,2,3.1031,2,2169.3,2,2299.6,2
  58GS20150410,   A01,199,1,12,4,2,20150424,2136,61.305,-4.2865,1136,798.5,-0.454,34.9085,2,34.9083,2,305.7,2,305.4,2,9.39,2,14.55,2,0,2,1.14,2,-999,9,2.529,2,1.7899,2,2169.6,2,2299.7,2
  58GS20150410,   A01,199,1,12,3,2,20150424,2136,61.305,-4.2865,1136,900.2,-0.5318,34.9099,2,34.9096,2,304.5,2,304.2,2,10.09,2,14.73,2,0,2,1.12,2,-999,9,2.266,2,3.103,2,2167.9,2,2301.7,2
  58GS20150410,   A01,199,1,12,2,2,20150424,2136,61.305,-4.2865,1136,1000.3,-0.6138,34.9108,2,34.9112,2,303,2,303.8,2,10.78,2,14.82,2,0,2,1.14,2,-999,9,1.887,2,0.54473,2,2170.6,2,2301.5,2
  58GS20150410,   A01,199,1,12,1,2,20150424,2136,61.305,-4.2865,1136,1100.9,-0.7027,34.9119,2,34.9112,2,300,2,301.8,2,11.84,2,15.06,2,0,2,1.17,2,-999,9,1.478,2,0.66145,2,2169.3,2,2303.1,2
  58GS20150410,   A01,200,1,12,12,2,20150425,10,61.189,-3.9058,1136,11.7,7.7416,35.2526,2,35.2527,2,294.7,2,295.2,2,5.49,2,11.39,2,0.16,2,0.77,2,-999,9,3.182,2,3.6009,2,2143.6,2,2321.5,2
  58GS20150410,   A01,200,1,12,11,2,20150425,10,61.189,-3.9058,1136,101.3,7.3656,35.2306,2,35.2292,2,288.6,2,289.1,2,5.44,2,12.43,2,0.28,2,0.85,2,-999,9,3.085,2,2.3551,2,2150.9,2,2318.8,2
  58GS20150410,   A01,200,1,12,10,2,20150425,10,61.189,-3.9058,1136,200.5,6.5747,35.1663,2,35.1683,2,289,2,289.4,2,5.95,2,13.23,2,0.13,2,0.9,2,-999,9,3.104,2,3.3282,2,2153,2,2315.6,2
  58GS20150410,   A01,200,1,12,8,2,20150425,10,61.189,-3.9058,1136,402.5,2.3307,34.9594,2,34.9594,2,297.8,2,295.4,2,6.75,2,13.94,2,0,2,0.99,2,-999,9,3.24,2,3.6095,2,2169.3,2,2302.5,2
  58GS20150410,   A01,200,1,12,7,2,20150425,10,61.189,-3.9058,1136,501.6,0.6136,34.919,2,34.9195,2,305.8,2,305.2,2,7.23,2,14.34,2,0,2,1.06,2,-999,9,3.181,2,1.2646,2,2176.4,2,2300.7,2
  58GS20150410,   A01,200,1,12,6,2,20150425,10,61.189,-3.9058,1136,606.1,-0.1205,34.9076,2,34.908,2,308.9,2,309.6,2,7.82,2,14.29,2,0,2,1.08,2,-999,9,3.288,2,2.4611,2,2172,2,2297.7,2
  58GS20150410,   A01,200,1,12,5,2,20150425,10,61.189,-3.9058,1136,705.8,-0.3186,34.9075,2,34.9077,2,307.3,2,306.8,2,8.5,2,14.41,2,0,2,1.09,2,-999,9,2.879,2,2.2276,2,2172.9,2,2299.2,2
  58GS20150410,   A01,200,1,12,4,2,20150425,10,61.189,-3.9058,1136,795.8,-0.4568,34.9091,2,34.9085,2,305.7,2,305.6,2,9.38,2,14.59,2,0,2,1.12,2,-999,9,2.48,2,2.3054,2,2171.3,2,2298.9,2
  58GS20150410,   A01,200,1,12,3,2,20150425,10,61.189,-3.9058,1136,901,-0.5502,34.9098,2,34.9091,2,303.6,2,303.9,2,10.14,2,14.63,2,0,2,1.17,2,-999,9,2.121,2,1.4397,2,2172.5,2,2301.7,2
  58GS20150410,   A01,200,1,12,2,2,20150425,10,61.189,-3.9058,1136,1006.5,-0.655,34.9104,2,34.91,2,301.4,2,301.6,2,11.22,2,14.92,2,0,2,1.19,2,-999,9,1.683,2,1.6147,2,2168.6,2,2302,2
  58GS20150410,   A01,200,1,12,1,2,20150425,10,61.189,-3.9058,1136,1098,-0.6796,34.9106,2,34.9115,2,300,2,300.8,2,11.61,2,14.97,2,0.09,2,1.23,2,-999,9,1.547,2,1.6925,2,2165.5,2,2304.3,2
  58GS20150410,   A01,201,1,12,12,2,20150425,240,61.068,-3.5543,1167,10.3,7.7482,35.2499,2,35.2503,2,294.9,2,295.2,2,5.53,2,11.38,2,0.19,2,0.8,2,-999,9,2.706,2,3.1338,2,2146.2,2,2320.8,2
  58GS20150410,   A01,201,1,12,11,2,20150425,240,61.068,-3.5543,1167,100.7,7.5584,35.2476,2,35.2468,2,288.4,2,288.7,2,5.36,2,12.32,2,0.26,2,0.86,2,-999,9,2.725,2,2.8612,2,2152.7,2,2320.6,2
  58GS20150410,   A01,201,1,12,10,2,20150425,240,61.068,-3.5543,1167,196.6,7.0171,35.2011,2,35.2009,2,288.9,2,289.3,2,5.45,2,12.84,2,0.15,2,0.89,2,-999,9,2.881,2,2.0534,2,2150.6,2,2317.7,2
  58GS20150410,   A01,201,1,12,9,2,20150425,240,61.068,-3.5543,1167,302.4,5.3441,35.0704,2,35.0719,2,291.5,2,291.5,2,6.12,2,13.27,2,0.06,2,0.94,2,-999,9,3.094,2,2.569,2,2157.6,2,2310.8,2
  58GS20150410,   A01,201,1,12,8,2,20150425,240,61.068,-3.5543,1167,397.8,3.044,34.9691,2,34.9677,2,298,2,297.1,2,6.51,2,13.74,2,0.06,2,0.95,2,-999,9,3.824,2,3.6097,2,2168.4,2,2303.4,2
  58GS20150410,   A01,201,1,12,7,2,20150425,240,61.068,-3.5543,1167,501.6,1.0204,34.9286,2,34.9286,2,304.8,2,303.1,2,7.04,2,14.24,2,0,2,1.05,2,-999,9,3.551,2,3.4341,2,2174.2,2,2299.9,2
  58GS20150410,   A01,201,1,12,6,2,20150425,240,61.068,-3.5543,1167,601.7,0.0513,34.9078,2,34.9086,2,310.5,2,311.1,2,7.49,2,14.23,2,0.06,2,1.05,2,-999,9,3.677,2,2.8406,2,2173.4,2,2300.2,2
  58GS20150410,   A01,201,1,12,5,2,20150425,240,61.068,-3.5543,1167,695.9,-0.1992,34.909,2,34.9088,2,307.1,2,305.4,2,8.78,2,14.52,2,0,2,1.09,2,-999,9,3.035,2,2.8697,2,2173,2,2301.3,2
  58GS20150410,   A01,201,1,12,4,2,20150425,240,61.068,-3.5543,1167,800.7,-0.3679,34.9099,2,34.9095,2,306,2,310.6,3,9.43,2,14.52,2,0.1,2,1.09,2,-999,9,2.568,2,2.2665,2,2171.3,2,2301.3,2
  58GS20150410,   A01,201,1,12,3,2,20150425,240,61.068,-3.5543,1167,896.2,-0.4818,34.9098,2,34.9096,2,305,2,303.3,2,10.04,2,14.83,2,0,2,1.1,2,-999,9,2.344,2,2.286,2,2172.3,2,2301.7,2
  58GS20150410,   A01,201,1,12,2,2,20150425,240,61.068,-3.5543,1167,998.7,-0.6641,34.9108,2,34.9114,2,302.1,2,302,2,11.55,2,15.16,2,0,2,1.14,2,-999,9,1.634,2,1.5369,2,2169.8,2,2303,2
  58GS20150410,   A01,202,1,10,10,2,20150425,505,60.968,-3.2475,848,11.4,8.5676,35.3349,2,35.3362,2,284.7,2,284.6,2,5.05,2,11.37,2,0.18,2,0.76,2,-999,9,2.91,2,2.7447,2,2147.4,2,2332.1,2
  58GS20150410,   A01,202,1,10,9,2,20150425,505,60.968,-3.2475,848,98.3,7.8348,35.2711,2,35.2695,2,284.5,2,284.4,2,5.28,2,12.37,2,0.21,2,0.85,2,-999,9,2.949,2,3.7275,2,2149.9,2,2323.7,2
  58GS20150410,   A01,202,1,10,8,2,20150425,505,60.968,-3.2475,848,200.2,7.5303,35.2459,2,35.2452,2,286.2,2,286.3,2,5.33,2,12.66,2,0.24,2,0.88,2,-999,9,3.017,2,2.5985,2,2147.3,2,2321.1,2
  58GS20150410,   A01,202,1,10,7,2,20150425,505,60.968,-3.2475,848,299.9,6.9788,35.217,2,35.217,2,285.1,2,285.5,2,5.6,2,12.87,2,0.17,2,0.9,2,-999,9,3.036,2,3.1822,2,2150.4,2,2319.3,2
  58GS20150410,   A01,202,1,10,6,2,20150425,505,60.968,-3.2475,848,400,5.1447,35.0576,2,35.0594,2,292.7,2,292.6,2,6.19,2,13.34,2,0.07,2,0.93,2,-999,9,3.367,2,3.0457,2,2158.4,2,2312,2
  58GS20150410,   A01,202,1,10,5,2,20150425,505,60.968,-3.2475,848,498.8,2.8839,34.9704,2,34.9694,2,297,2,296.6,2,6.69,2,13.83,2,0,2,0.98,2,-999,9,3.444,2,2.7631,2,2166.9,2,2304.5,2
  58GS20150410,   A01,202,1,10,4,2,20150425,505,60.968,-3.2475,848,600.4,0.2311,34.9169,2,34.9169,2,305.6,2,303.2,2,8.15,2,14.7,2,0.08,2,1.06,2,-999,9,3.006,2,2.1109,2,2172.4,2,2266.8,3
  58GS20150410,   A01,202,1,10,3,2,20150425,505,60.968,-3.2475,848,700.4,-0.4708,34.9092,2,34.9094,2,305.1,2,310.4,3,9.79,2,14.72,2,0,2,1.1,2,-999,9,2.237,2,2.4708,2,2169.9,2,2300.9,2
  58GS20150410,   A01,202,1,10,2,2,20150425,505,60.968,-3.2475,848,800.2,-0.6597,34.9111,2,34.9128,2,302.6,2,301.3,2,11.31,2,14.94,2,0,2,1.13,2,-999,9,1.624,2,2.179,2,2167.7,2,2304.5,2
  58GS20150410,   A01,202,1,10,1,2,20150425,505,60.968,-3.2475,848,829.9,-0.6571,34.9121,2,34.9104,2,302.5,2,301,2,11.36,2,15.03,2,0,2,1.19,2,-999,9,1.508,2,1.2743,2,2168.4,2,2303.7,2
  58GS20150410,   A01,203,1,4,4,2,20150425,801,60.775,-2.6973,234,9.8,8.9871,35.3676,2,35.3676,2,289.1,2,290.7,2,4.86,2,10.82,2,0.16,2,0.73,2,-999,9,2.774,2,2.4528,2,2142.5,2,2331.7,2
  58GS20150410,   A01,203,1,4,3,2,20150425,801,60.775,-2.6973,234,49.4,8.9539,35.3672,2,35.3672,2,284.7,2,282.6,2,4.82,2,11.3,2,0.22,2,0.75,2,-999,9,-999,9,-999,9,2143.3,2,2329.8,2
  58GS20150410,   A01,203,1,4,2,2,20150425,801,60.775,-2.6973,234,150.8,8.8445,35.359,2,35.359,2,277.3,2,277,2,4.84,2,12.08,2,0.2,2,0.83,2,-999,9,2.832,2,2.5792,2,2150.2,2,2328.4,2
  58GS20150410,   A01,203,1,4,1,2,20150425,801,60.775,-2.6973,234,221.3,8.721,35.3542,2,35.3542,2,276.6,2,277.4,2,4.63,2,11.51,2,0.35,2,0.88,2,-999,9,2.618,2,2.2288,2,2149.9,2,2327.2,2
  58GS20150410,   A01,204,1,5,5,2,20150425,1924,59.282,-0.001,134,10.7,7.7168,35.1796,2,35.1802,2,302,2,302.2,2,3.09,2,6.9,2,0.18,2,0.59,2,-999,9,2.784,2,2.6279,2,2134.8,2,2322,2
  58GS20150410,   A01,204,1,5,4,2,20150425,1924,59.282,-0.001,134,23.5,7.6374,35.1795,2,35.1781,2,301,2,300.8,2,3.15,2,7.2,2,0.25,2,0.57,2,-999,9,2.803,2,2.7251,2,2137.9,2,2320.6,2
  58GS20150410,   A01,204,1,5,3,2,20150425,1924,59.282,-0.001,134,48.5,7.1594,35.1737,2,35.1735,2,294.7,2,294.4,2,3.37,2,8.55,2,0.36,2,0.66,2,-999,9,2.803,2,2.7347,2,2146.4,2,2320.7,2
  58GS20150410,   A01,204,1,5,2,2,20150425,1924,59.282,-0.001,134,98.7,7.2146,35.2018,2,35.2016,2,294,2,294,2,3.25,2,8.39,2,0.3,2,0.64,2,-999,9,2.842,2,2.6082,2,2147.1,2,2327.2,2
  58GS20150410,   A01,204,1,5,1,2,20150425,1924,59.282,-0.001,134,125.6,7.2431,35.2208,2,35.221,2,293.7,2,294,2,3.21,2,8.16,2,0.27,2,0.66,2,-999,9,2.735,2,2.978,2,2145.4,2,2323.6,2
  58GS20150410,   A01,205,1,5,5,2,20150425,2247,59.284,1.009,111,11.7,7.9158,35.2999,2,35.2999,2,300.4,2,299.8,2,2.82,2,7.47,2,0.17,2,0.62,2,-999,9,2.452,2,2.3941,2,2137.8,2,2325.6,2
  58GS20150410,   A01,205,1,5,4,2,20150425,2247,59.284,1.009,111,26.6,7.8735,35.2916,2,35.2917,2,298.2,2,298.2,2,2.93,2,7.68,2,0.17,2,0.63,2,-999,9,2.462,2,2.4136,2,2133.7,2,2325.8,2
  58GS20150410,   A01,205,1,5,3,2,20150425,2247,59.284,1.009,111,50,7.835,35.2849,2,35.2849,2,297.9,2,298.7,2,2.96,2,7.72,2,0.17,2,0.63,2,-999,9,2.462,2,2.7347,2,2134.9,2,2326,2
  58GS20150410,   A01,205,1,5,2,2,20150425,2247,59.284,1.009,111,74,7.4941,35.3056,2,35.3056,2,293,2,293,2,3.05,2,8.35,2,0.16,2,0.63,2,-999,9,2.501,2,2.2383,2,2142.3,2,2324.8,2
  58GS20150410,   A01,205,1,5,1,2,20150425,2247,59.284,1.009,111,101.3,7.4958,35.3046,2,35.3045,2,292.9,2,292.7,2,3.04,2,8.33,2,0.15,2,0.64,2,-999,9,2.462,2,1.7127,2,2143.7,2,2329.9,2
  58GS20150410,   A01,206,1,5,5,2,20150426,157,59.284,1.9977,122,10.2,8.055,35.2748,2,35.2752,2,345.4,2,339.6,2,0,2,0.32,2,0,2,0.07,2,-999,9,2.492,2,2.4331,2,2056.2,2,2329.9,2
  58GS20150410,   A01,206,1,5,4,2,20150426,157,59.284,1.9977,122,23.8,7.8715,35.313,2,35.3067,2,316.2,2,330,2,0,2,1.87,2,0,2,0.19,2,-999,9,2.55,2,2.5985,2,2085.8,2,2330.6,2
  58GS20150410,   A01,206,1,5,3,2,20150426,157,59.284,1.9977,122,50.5,7.5833,35.3411,2,35.3414,2,298.6,2,294.9,2,1.56,2,7.66,2,0.13,2,0.51,2,-999,9,2.559,2,2.5788,2,2141.5,2,2329.8,2
  58GS20150410,   A01,206,1,5,2,2,20150426,157,59.284,1.9977,122,73.5,7.585,35.34,2,35.3396,2,298.2,2,297.5,2,1.54,2,7.84,2,0.14,2,0.54,2,-999,9,2.589,2,2.5788,2,2141.7,2,2327.7,2
  58GS20150410,   A01,206,1,5,1,2,20150426,157,59.284,1.9977,122,111.8,7.588,35.3445,2,35.3444,2,296.8,2,293.3,2,1.59,2,7.77,2,0.14,2,0.68,2,-999,9,2.501,2,2.6956,2,2145.9,2,2332.7,2
  58GS20150410,   A01,207,1,5,5,2,20150426,523,59.282,3.0728,131,10.3,8.0541,34.7722,2,34.7722,2,320.4,2,320.8,2,1.38,2,0.83,2,0.12,2,0.24,2,-999,9,2.473,2,2.4536,2,2086.4,2,2318.6,2
  58GS20150410,   A01,207,1,5,4,2,20150426,523,59.282,3.0728,131,25.7,7.9245,35.1637,2,35.1637,2,307.5,2,307.7,2,2.89,2,5.8,2,0.2,2,0.43,2,-999,9,2.647,2,2.6669,2,2127.1,2,2326.5,2
  58GS20150410,   A01,207,1,5,3,2,20150426,523,59.282,3.0728,131,51.2,7.9779,35.2548,2,35.2548,2,284,2,281.9,2,4.8,2,11.38,2,0.28,2,0.73,2,-999,9,2.482,2,2.2385,2,2149,2,2323.8,2
  58GS20150410,   A01,207,1,5,2,2,20150426,523,59.282,3.0728,131,99.3,8.0104,35.3314,2,35.3314,2,284.2,2,282,2,4.24,2,10.68,2,0.22,2,0.78,2,-999,9,2.482,2,2.2092,2,2152.5,2,2326.5,2
  58GS20150410,   A01,207,1,5,1,2,20150426,523,59.282,3.0728,131,126,7.8205,35.3288,2,35.3288,2,281.8,2,285.4,2,4.82,2,10.64,2,0.23,2,0.79,2,-999,9,2.394,2,2.6763,2,2153.2,2,2328.2,2
  58GS20150410,   A01,208,1,7,7,2,20150426,822,59.283,4.0328,287,9.5,6.975,32.0907,2,32.0849,2,330.9,2,331.5,2,1.14,2,0.75,2,0.12,2,0.13,2,-999,9,2.761,2,2.8973,2,2045.9,2,2244.4,2
  58GS20150410,   A01,208,1,7,6,2,20150426,822,59.283,4.0328,287,25.7,6.6971,33.9516,2,33.9581,2,295,2,293.5,2,3.99,2,7.15,2,0.28,2,0.55,2,-999,9,2.542,2,2.6689,2,2134.4,2,2291.7,2
  58GS20150410,   A01,208,1,7,5,2,20150426,822,59.283,4.0328,287,49.6,6.5387,34.5334,2,34.5545,2,288.5,2,287.6,2,4.12,2,8.29,2,0.08,2,0.66,2,-999,9,2.58,2,2.2587,2,2150.6,2,2305,2
  58GS20150410,   A01,208,1,7,4,2,20150426,822,59.283,4.0328,287,99.6,7.0407,34.951,2,34.913,2,277.4,2,278,2,4.48,2,9.72,2,0.08,2,0.75,2,-999,9,2.599,2,2.3848,2,2157.2,2,2315.3,2
  58GS20150410,   A01,208,1,7,3,2,20150426,822,59.283,4.0328,287,149.9,7.2462,35.0622,2,35.0593,2,276.4,2,277.2,2,4.41,2,10.39,2,0.09,2,0.8,2,-999,9,2.667,2,2.2775,2,2155.4,2,2317.7,2
  58GS20150410,   A01,208,1,7,2,2,20150426,822,59.283,4.0328,287,199.1,7.3698,35.1669,2,35.1969,2,290.1,2,289.9,2,3.54,2,9.42,2,0.23,2,0.76,2,-999,9,2.501,2,2.579,2,2150.5,2,2322.2,2
  58GS20150410,   A01,208,1,7,1,2,20150426,822,59.283,4.0328,287,275.5,7.2641,35.224,2,35.2133,2,290.4,2,290.9,2,3.78,2,9.16,2,0.33,2,0.74,2,-999,9,2.55,2,2.0729,2,2147.8,2,2326.4,2
  58GS20150410,   A01,209,1,4,4,2,20150426,1145,59.283,5.0313,89,10.7,7.0008,31.66,2,31.6071,2,319.6,2,319.7,2,1.8,2,1.33,2,0.1,2,0.14,2,-999,9,2.772,2,3.0252,2,2052.3,2,2230.1,2
  58GS20150410,   A01,209,1,4,3,2,20150426,1145,59.283,5.0313,89,21.3,7.3859,33.743,2,33.7429,2,284.5,2,284,2,3.83,2,6.82,2,0.19,2,0.5,2,-999,9,2.631,2,2.0363,2,2112,2,2272.8,2
  58GS20150410,   A01,209,1,4,2,2,20150426,1145,59.283,5.0313,89,51.1,7.2331,34.549,2,34.5487,2,275.9,2,276.2,2,4.66,2,8.81,2,0.1,2,0.7,2,-999,9,2.551,2,2.814,2,2147.5,2,2316.1,2
  58GS20150410,   A01,209,1,4,1,2,20150426,1145,59.283,5.0313,89,77.6,7.5352,34.898,2,34.8977,2,267.2,2,267.2,2,5.12,2,9.91,2,0.07,2,0.81,2,-999,9,2.492,2,2.6868,2,2158.5,2,2316.1,2
END_DATA,,,,,,,,,,,,,,,,,,,,,,,,,,,,,,,,,,,,,,,